"Post ID","Account ID","Account username","Account name",Description,"Duration (sec)","Publish time",Permalink,"Post type","Data comment",Date,Views,Reach,Likes,Shares,Comments,Saves,Follows
18316025221220635,17841402627774708,atu_business,"ATU LeMoyne Smith School of Business","It’s that time of the year!! ⏳ give yourself a pat on the back for surviving 2025 👏

#collegelife #arkansastech #finals",0,"12/05/2025 10:34",https://www.instagram.com/p/DR5FrR7ETI6/,"IG carousel",,Lifetime,15206,4478,510,61,3,7,0
18388285438084648,17841406801794666,riley_drake12,"Riley Drake","ArHIMA 2026 Convention!! We got to listen to some great guest speakers discussing stress management, conversation starters, and AI implementation into health information. I’m glad I got to experience this opportunity with my classmates!
#healthinformationmanagement #atubusiness",0,"04/02/2026 17:52",https://www.instagram.com/p/DWpmrJElmpc/,"IG carousel",,Lifetime,1718,647,67,0,1,0,
18198633673348167,17841478710597205,atustemcollege,"ATU College of STEM","April Fools, @atu_business + @atustemcollege switched on you 🔁📚

Today, Piper traded Marketing Instructor Liv Johnson lab goggles for strategy development… and let’s just say, SWOT analysis feels a little different than the scientific method 👀📊

From labs to lectures, we kept it just* professional enough 😉

Head over to @atu_business page to see how Liv handled teaching Survey of Chem 👀

#aprilfools #womeninbusiness #marketing #atustem",27,"04/01/2026 16:13",https://www.instagram.com/reel/DWm18ftjEp9/,"IG reel",,Lifetime,4855,3578,99,4,0,0,
18076630694531306,17841402627774708,atu_business,"ATU LeMoyne Smith School of Business","Good As Gold Ambassador applications are LIVE! Run to apply—they close April 10th. 

Who can apply?
- Business majors
- Agriculture majors
- Tourism majors

Apply through the link in our bio!",0,"04/01/2026 15:00",https://www.instagram.com/p/DWmuMS8lfoJ/,"IG carousel",,Lifetime,3484,1408,70,14,3,1,0
18159529489429352,17841402627774708,atu_business,"ATU LeMoyne Smith School of Business","Crossover alert 🧪📈

Marketing Instructor Liv Johnson attempted to teach Survey of Chemistry today, and let’s just say the marketing mix does NOT include test tubes…

Keep an eye on @atustemcollege for Piper’s visit to Principles of Marketing 👀

#AprilFools #WomeninSTEM #CampusLife",36,"04/01/2026 11:42",https://www.instagram.com/reel/DWmXUtikqQN/,"IG reel",,Lifetime,8611,6445,262,37,8,9,2
18091238888128281,17841476687553432,rosietheribeter,"Rose Gunther","Live from New York! 🏙️🗽

From the top of the Empire State Building to the lights of Times Square, ferry rides to the Statue of Liberty, and even a little extra sweetness at the Museum of Ice Cream 🍦… this trip was one for the books!

But the real highlight? The people
A group that got along effortlessly, laughed nonstop, and somehow turned travel chaos (shoutout to that canceled flight 😅✈️) into just another memory.

So thankful for every single student who made this trip unforgettable, the powerhouse advisors who kept us safe and had fun with us, and all the dedicated staff at ATU who make opportunities like this possible!

And most importantly, thank you God for safe travels and bringing us home ❤️

#nyctrip #CollegeTravel #StudentLife #heckyeahtechyeah",68,"03/31/2026 14:15",https://www.instagram.com/reel/DWkEJmvj7D4/,"IG reel",,Lifetime,4995,2937,91,4,4,0,
18086591987217419,17841402627774708,atu_business,"ATU LeMoyne Smith School of Business","Cash Cow’s Egg Hunt is BACK with a new twist 🐣

Thursday, April 2nd • 9AM-3PM
✨ Use the hints posted in Dean, Rothwell, and on our socials to find the FOUR locations where Cash Cow is hiding.
✨ Take a selfie with Cash Cow each time you find her! She will ONLY be found in Rothwell and Dean. 
✨ Bring your pictures to RTH 432 to collect your business bucks.
‼️ Each location is worth 50 bucks, so if you find her in all FOUR spots, you’ll receive 200 bucks!

⭐️ GOLDEN EGG ⭐️
The first TEN students to find Cash Cow’s golden egg and bring their selfie to RTH 432 will receive a special tote bag!

Are you ready for an EGG-citing time?

#easteregghunt #collegelife #alysaliu",8,"03/30/2026 10:50",https://www.instagram.com/reel/DWhGkyTEmiK/,"IG reel",,Lifetime,2422,1850,44,6,0,0,0
18046360148519133,17841413035758083,arkansastechglobal,"Arkansas Tech Global","Experience a world of opportunity and a learning curve like no other. Visit atu.edu/studyabroad to learn more!",15,"03/27/2026 08:47",https://www.instagram.com/reel/DWZLEGsEZqF/,"IG reel",,Lifetime,1079,695,40,1,3,0,
17912759817163903,17841402627774708,atu_business,"ATU LeMoyne Smith School of Business","This will be… the best market research trip ever. 🎶💎

Us: We’re just popping in for a routine “internal audit.”
Also Us: 😏💅🏻💸✨

We caught up with @travis.martin47 managing the natural diamond sale at @joshuasfinejewelry, and let’s just say: the KPIs are soaring, the diamonds are sparkling, and the ROI (Rizz On Investment) is off the charts. 📈 

Secure the everlasting shine while the sale 
lasts! 💍

#atubusiness #shopsmall #shoplocal #heckyeahtechyeah #marketing",0,"03/25/2026 16:05",https://www.instagram.com/reel/DWUz259ktNM/,"IG reel",,Lifetime,1127,654,33,0,2,1,0
17933333055197925,17841402105162969,hannahhhardesty,"💟 hannah hardesty!! 𖦹","HAPPY BIRTHDAY TO THE NEW FERGUSON STUDENT UNION!!

had so much fun watching the opening of the new union and celebrating with @atu_business & @atudeltazeta 💖",0,"03/19/2026 13:55",https://www.instagram.com/p/DWFIdaMj0tx/,"IG carousel",,Lifetime,3268,1102,145,2,11,0,
17887208142453262,17841402627774708,atu_business,"ATU LeMoyne Smith School of Business","Core memories from Ferguson Student Union opening day ✨

We started the day at the 25th Annual Distinguished Speaker Series with Cindi Ferguson, enjoyed lunch thanks to Kinco Construction, and closed out with the Ferguson Union Dedication. It was great day at Arkansas Tech 💚💛 

#arkansastech #collegestudent #raybanmeta",45,"03/18/2026 16:00",https://www.instagram.com/reel/DWCxG_9EqFc/,"IG reel",,Lifetime,4702,2431,127,17,1,2,2
18209601742322957,17841402627774708,atu_business,"ATU LeMoyne Smith School of Business","Dearest Gentle Reader,

It has reached this author’s ears that a most distinguished guest is set to grace our beloved campus. While some spend their days perfecting their choreography, much like the charming display seen here, others are preparing for a gathering of much greater significance.

The ton is abuzz with the news that the LeMoyne Smith School of Business will welcome the incomparable Mrs. Cindi Ferguson for the Distinguished Lecture Series. An entrepreneur of the highest standing and a true benefactor of our “village,” Mrs. Ferguson shall share her wisdom before we celebrate the grand opening of the very union that bears her name.

One must wonder... will you be there to witness such a momentous occasion, or will you be left to read about it in the morning papers?

The Details for your Social Calendar:
✨ The Lecture: Wednesday, March 18 at 10:00 a.m.
📍 The Venue: Doc Bryan Lecture Hall

Do try not to be late. It would be a scandal to miss it.

Yours Truly,

Lady Whistledown ✍️

#Bridgerton #LadyWhistledown #HeckYeahTechYeah #CollegeLife #ATUBusiness",15,"03/16/2026 11:12",https://www.instagram.com/reel/DV9G_uSkpcr/,"IG reel",,Lifetime,3853,2450,93,20,3,1,1
18093759794086058,17841451736025184,atufbla,"FBLA Collegiate at Arkansas Tech","ATU FBLA-C competed at Arkansas FBLA Collegiate State Leadership Conference today and walked away with 22 awards! Every student who competed has qualified for National Leadership Conference this summer!

- 1st place, State of Chapter - Madison Mertens & Morgan Blamey
- 1st place, Foundations of Finance - Avery Emmerling
- 1st place, Foundations of Management - Rilee Underwood
- 1st place, Business Ethics - Joy Skaggs
- 1st place, Business Presentation - Madison Mertens & Morgan Blamey
- 1st place, Future Business Facilitator - Briley Parker 
- 1st place, Technology and Computer Science Case Study - Larry Desiderio
- 2nd place, Foundations of Accounting - Harrison Bartlett
- 2nd place, Foundations of Economics - Avery Emmerling
- 2nd place, Foundations of Hospitality Management - Camrin Woodson
- 2nd place, Foundations of Marketing - Rose Gunther
- 2nd place, Organizational Behavior and Leadership - Olivia Mosby
- 2nd place, Retail Management - Morgan Blamey 
- 2nd place, Emerging Business Issues - Larry Desiderio & Bailey Parker 
- 2nd place, Entrepreneurship Pitch - Tyler Parker
- 2nd place, Job Interview - Wapiti Mefford
- 3rd place, Business Law - Madison Mertens
- 3rd place, Foundation of Communications - Andrea Guerrero
- 3rd place, Project Management - Tyler Parker
- 4th place, Sports Marketing and Management - Rose Gunther
- 4th place, Impromptu Speaking - JD Olivarez 
- 4th place, Public Speaking - Olivia Mosby

#arfblacollegiate #fbla #arkansastech",0,"03/12/2026 16:31",https://www.instagram.com/p/DVzYvZFiRvU/,"IG carousel",,Lifetime,3318,1374,92,11,4,0,
18108938173696799,17841451736025184,atufbla,"FBLA Collegiate at Arkansas Tech","wishing our members a very happy state conference day 💙💛

#arfblacollegiate #arkansastech #atubusiness #fbla #collegelife",7,"03/11/2026 19:34",https://www.instagram.com/reel/DVxIqYrjS3V/,"IG reel",,Lifetime,3154,1586,68,9,7,0,
18086410630957021,17841406871681973,graciee_potter04,"Gracie Potter","Big ideas. Real skills. Future careers. 💼

Students connected with professionals, gained real-world advice, and learned how to stand out in today’s job market! From interview strategies to AI tools and personal branding, the day was filled with valuable insights to help students prepare for life after graduation. The College to Career Conference was a success‼️",0,"03/05/2026 10:00",https://www.instagram.com/p/DVgxQQdCSr1/,"IG carousel",,Lifetime,2952,1056,87,4,0,0,
17848966728689602,17841405084435214,elis.gergel,,"#HERFEST vibes ✨ Decorated my own travel bag and had a good time at Women’s Week! 💗",0,"03/03/2026 19:21",https://www.instagram.com/p/DVcn3Pdjq8Z/,"IG carousel",,Lifetime,1725,714,105,0,0,0,
18177355735339043,17841407390794753,will_aaron89,"Will Aaron","Thank you to Keathly Patterson for stopping by this week and informing us on their internship opportunities and careers!",0,"02/28/2026 12:23",https://www.instagram.com/p/DVUJp7ekmOV/,"IG carousel",,Lifetime,2445,910,71,2,0,0,
17877500430397495,17841402627774708,atu_business,"ATU LeMoyne Smith School of Business","You get the best of both worlds at our annual College to Career Conference 🎤💼

✨ All business, agriculture & tourism classes canceled so you can attend

✨ Breakout sessions on AI, interviewing, LinkedIn, digital marketing & hospitality

✨ Industry leaders from Walmart, PwC, Tyson, Big Cedar Lodge & more

Need a business casual or business professional outfit? Borrow for FREE through @atucareercloset 

#CollegeToCareer #ProfessionalDevelopment #ATUbusiness #heckyeahtechyeah #collegelife",31,"02/24/2026 14:47",https://www.instagram.com/reel/DVKGBDZkiwW/,"IG reel",,Lifetime,1843,943,26,3,2,0,0
18080080913597397,17841410872455833,wapiti_hunter_oak_mefford,"Wapiti Mefford","POV: You just found your future home💚💛

Big shoutout to all the students who came out to see what Arkansas Tech & The College of Business and Economic Development is all about.",0,"02/20/2026 18:08",https://www.instagram.com/p/DVAK0hdgA9q/,"IG carousel",,Lifetime,2133,741,58,1,0,0,
18091079318019320,17841451736025184,atufbla,"FBLA Collegiate at Arkansas Tech","Do you feel Bonita?✨

We hope so, because we’re ready to see you get your FREE professional headshot!

📆 Tues. February 24
⏰ 3-6PM
📍 RCB 146

This event is provided for ATU students and faculty at no charge!

In collaboration with Norman Career Services

#ATUBusiness #ArkansasTech #arfblacollegiate",18,"02/20/2026 12:02",https://www.instagram.com/reel/DU_ghxsiWK5/,"IG reel",,Lifetime,3832,2450,91,11,1,0,
17994410762752804,17841404433938418,atugradcollege,"ATU Graduate College","For the second year in a row, Arkansas Tech University has been named the Best Online MBA in Arkansas by U.S. News & World Report 🎉

Recognized for engagement, faculty excellence, student achievement, and innovative learning, the ATU MBA is built for working professionals ready to advance in management and leadership.

Offered through the ATU LeMoyne Smith School of Business and AACSB accredited, this program continues to set the standard for graduate business education in the state💚",0,"02/20/2026 10:45",https://www.instagram.com/p/DU_YJFuAciv/,"IG carousel",,Lifetime,1899,850,74,2,2,0,
18056496746394952,17841476687553432,rosietheribeter,"Rose Gunther","Who doesn’t like a good fashion show? 👔

FREE headshots
February 24th
3-6 pm
Brown 147

Don’t have an outfit? 
Visit the career closet! It’s free to students 🤩

Need help with your resume or interview practice?
Norman Career Services has you covered 🙌

See you there!!

#heckyeahtechyeah #atufbla #collegetocareer",24,"02/19/2026 09:42",https://www.instagram.com/reel/DU8qsu_kTgz/,"IG reel",,Lifetime,1887,1169,57,4,1,0,
18126962893478737,17841402627774708,atu_business,"ATU LeMoyne Smith School of Business","They came to @arkansastech dreaming about their futures and ended up finding the one who they’d share it with 💍

From orientation in Rothwell 321A to a proposal in the same room today, Rassen and Aliza, your story is everything 🥹 

Congrats on your engagement! 

@racer_59 @alizahady 💚💛",0,"02/18/2026 18:05",https://www.instagram.com/p/DU6_v-zjGdY/,"IG image",,Lifetime,4136,2033,108,15,4,1,1
17901040413220008,17841402627774708,atu_business,"ATU LeMoyne Smith School of Business","Service is the sweetest way to celebrate love 💌✨

During our Valentines Card Party, students took time away from their busy schedules to pour creativity and care into 152 handmade cards for the residents of Atkins Nursing and Rehabilitation Center. 

Each card was thoughtfully crafted and full of love. Delivering them was unforgettable and serves as a powerful reminder that small acts of kindness can leave a lasting impact ❤️

#ValentinesDay #CommunityLove #GiveBack",0,"02/14/2026 13:00",https://www.instagram.com/p/DUwKy9RFdAZ/,"IG carousel",,Lifetime,3004,1164,89,2,1,0,0
18105072949643061,17841402627774708,atu_business,"ATU LeMoyne Smith School of Business","No gatekeeping allowed 🚫💌

Send this to your favorite human on campus.
Tag them so we know it’s real.

#atubusiness #heckyeahtechyeah #valentines",0,"02/14/2026 08:26",https://www.instagram.com/p/DUvrcWNlYQv/,"IG carousel",,Lifetime,2150,773,66,23,0,0,0
18088664740888429,17841403372800947,nikki_victory,"Nikki Victory","Rollin’ in the dough from Cowsino Night 🎰💰🎲

ft. new merch !",0,"02/12/2026 18:29",https://www.instagram.com/p/DUrm3I2ANuh/,"IG carousel",,Lifetime,2729,956,98,2,1,0,
18194054053346136,17841476687553432,rosietheribeter,"Rose Gunther","🚨Free Shirt Alert🚨

Rothwell Friday February 13th

💕Search around Rothwell
💕Find a hidden T-shirt voucher
💕Being your voucher to Rothwell 419
💕Collect your free T-shirt!

Shirts are limited so you have to be fast 🏃💨

Good luck! 🫡

#arkansastech #heckyeahtechyeah #atubusiness",25,"02/12/2026 10:10",https://www.instagram.com/reel/DUqsd4Yj2vZ/,"IG reel",,Lifetime,1805,1031,57,7,3,0,
17932028304081514,17841402627774708,atu_business,"ATU LeMoyne Smith School of Business","In your lucky era? 🎰🍀

Up to $100,000 Business Bucks.
No buy-in. Just pull up.

Cash Cow’s Cow-Sino Night | Thursday, Feb. 12th, 6-8 pm | Rothwell 3rd floor classrooms 

#atubusiness #collegelife #heckyeahtechyeah",17,"02/11/2026 15:19",https://www.instagram.com/reel/DUoqroejaTN/,"IG reel",,Lifetime,1739,1029,54,4,1,1,0
17954178113934834,17841402627774708,atu_business,"ATU LeMoyne Smith School of Business","Soft-launching your campus crush tomorrow? ☕️👀

Swing by for coffee and stay for the kind of conversations that make campus feel more connected.

Tomorrow, Feb. 12th, 8–10 AM | Rothwell 314

#atubusiness #collegelife #campuscrush",7,"02/11/2026 08:20",https://www.instagram.com/reel/DUn7xk1ElyV/,"IG reel",,Lifetime,5865,2904,104,7,1,2,0
18019532492633264,17841405084435214,elis.gergel,,"Brick by Brick event! 🧱  Went to Brick by Brick and spent the evening building and hanging out with friends. A solid way to switch things up on campus! 💛💚",0,"02/10/2026 18:19",https://www.instagram.com/p/DUmcLBaDoz6/,"IG carousel",,Lifetime,2115,605,60,0,0,0,
18090330251119712,17841402105162969,hannahhhardesty,"💟 hannah hardesty!! 𖦹","had so much fun making valentines cards for the nursing home with @atu_business !!",0,"02/10/2026 13:23",https://www.instagram.com/p/DUl6PO2kjJM/,"IG carousel",,Lifetime,3930,1450,145,3,7,0,
17849887392672756,17841476687553432,rosietheribeter,"Rose Gunther","Real life Barbie moment! 💕

February 6th I had the extraordinary chance to compete for the Miss Arkansas Tech title. The moment you just watched was me getting help with makeup for my interview.

The Miss Arkansas tech pageant offers every girl at Arkansas Tech, the chance to develop skills in interview, presentation, and media preparation. It is also a unique opportunity to earn scholarships while competing to be a role model on campus. There were multiple scholarships awarded throughout the competition and opportunities to learn about the amazing things the other contestants brought to the table.

Though I personally did not win anything, I still enjoyed learning so much not only about myself but the amazing things @arkansastech has to offer.

*Shoutout to Katie who did a amazing job not only with my makeup but helping me figure out what the heck I was supposed to be doing 😂

#collegelife #heckyeahtechyeah #arkansastech #blessed",27,"02/07/2026 13:43",https://www.instagram.com/reel/DUeL_0-jzJV/,"IG reel",,Lifetime,2176,1141,94,3,7,0,
18011256410666733,17841402627774708,atu_business,"ATU LeMoyne Smith School of Business","🚨YOU HEARD RIGHT🚨 all free plays, no business bucks needed to participate! ♠️ Test your luck (and skill) to see how big you can win 🎰 

📆Thursday, Feb. 12th at 6pm
📍Rothwell third floor classrooms

#atubusiness #campuslife #harrystyles",12,"02/02/2026 10:27",https://www.instagram.com/reel/DUQ_eDKEh8Z/,"IG reel",,Lifetime,1245,642,27,5,0,0,0
18071486633451980,17841402627774708,atu_business,"ATU LeMoyne Smith School of Business","It’s all fun and games until someone starts counting tickets 🎟️

Our OKC plans changed due to the weather, so we pivoted to an arcade showdown.

Who do you think won? Are you Team Katie or Team
Travis? 👀

Winner will be revealed in our story later today! 😏

#collegelife #snowday #arcade #businesstrip #heckyeahtechyeah",28,"01/25/2026 09:12",https://www.instagram.com/reel/DT8QqO6kvEq/,"IG reel",,Lifetime,1172,726,27,1,9,0,0
17910383790146516,17841402627774708,atu_business,"ATU LeMoyne Smith School of Business","The results of doing it right 👏🏼

Our MBA program just hit a new growth milestone! Chosen by students who value quality, impact, and a program that meets them where they are, we’re kind of a big deal. 😎

Check out the link in our bio to learn more about our measurable momentum. 

Want to learn more? Let’s connect.",0,"01/24/2026 08:47",https://www.instagram.com/p/DT5pH5cEsrz/,"IG image",,Lifetime,4955,2414,79,2,0,1,1
17977337852975929,17841402627774708,atu_business,"ATU LeMoyne Smith School of Business","Winter is coming ❄️ Stay safe and warm during this snowstorm, Arkansas Tech ✨

#snowstorm #arkansasweather #winter",9,"01/23/2026 15:06",https://www.instagram.com/reel/DT3vnG9Eud8/,"IG reel",,Lifetime,1752,1133,82,3,2,1,0
18164131798395001,17841402105162969,hannahhhardesty,"💟 hannah hardesty!! 𖦹","come to rothwell on february 10th to make valentines cards!! this is open to all atu students and employees. materials will all be provided and you can make cards for loved ones OR to give to the nursing home (0.5 service hours per card) :)",0,"01/21/2026 13:00",https://www.instagram.com/p/DTyXszMEnmO/,"IG carousel",,Lifetime,4388,1390,170,6,6,0,
17959081638019901,17841402627774708,atu_business,"ATU LeMoyne Smith School of Business","Moo All The Time. Disco, Occasionally

Cash Cow’s fourth studio album out March 6th 🪩

#CashCow #TPWK #InThePit",0,"01/18/2026 13:00",https://www.instagram.com/p/DToEhwtlYGB/,"IG image",,Lifetime,1304,597,52,2,1,0,0
17889399570283227,17841403372800947,nikki_victory,"Nikki Victory","Start the semester off right and plan with me! 

Shameless Plugs:
- Make Time Capsules w/ First-Gen 1/20
- My 21st Birthday 2/1

#planner #planning #2026 #college",56,"01/17/2026 10:56",https://www.instagram.com/reel/DTn1_gGgR5o/,"IG reel",,Lifetime,1021,685,28,0,0,0,
17989941080869918,17841402627774708,atu_business,"ATU LeMoyne Smith School of Business","You mean the best year ever? 🥹

#2016 #collegelife #heckyeahtechyeah #atubusiness #trend",26,"01/15/2026 13:26",https://www.instagram.com/reel/DTi9pN7EpNr/,"IG reel",,Lifetime,7144,5469,137,6,1,2,2
18051768917690454,17841407390794753,will_aaron89,"Will Aaron","Shoutout to Arkansas Nuclear One and Entergy for allowing us to tour their simulators and training facilities!",0,"01/14/2026 13:12",https://www.instagram.com/p/DTgXgZsEh7e/,"IG carousel",,Lifetime,5345,1444,136,4,4,0,
18119932468576576,17841402627774708,atu_business,"ATU LeMoyne Smith School of Business","The POV you never knew you needed ✨ Happy first day of class, ATU!

#collegelife #firstdayofclass #raybanmeta",43,"01/12/2026 15:20",https://www.instagram.com/reel/DTbb6riDUAk/,"IG reel",,Lifetime,4811,3499,203,5,2,3,2
18550222381058077,17841402627774708,atu_business,"ATU LeMoyne Smith School of Business","and with that, the 2025 season comes to an end at the LeMoyne Smith School of Business ✨ 

#2025recap #collegelife #newyear",15,"01/02/2026 15:55",https://www.instagram.com/reel/DTBwpVqFTUh/,"IG reel",,Lifetime,1145,654,47,2,2,1,0
17970379169999788,17841402627774708,atu_business,"ATU LeMoyne Smith School of Business","Because we knew you… 💖💚

Congrats to our class of 2025! Go change the world for good. 

#graduation #heckyeahtechyeah #atubusiness",0,"12/13/2025 10:12",https://www.instagram.com/reel/DSNo53_Eq8u/,"IG reel",,Lifetime,7263,4607,218,32,3,4,1
17999494910701304,17841402627774708,atu_business,"ATU LeMoyne Smith School of Business","Growth happens while you’re busy living 🌟 

The late nights, the risks, the wins you didn’t see coming made you who you are today. 

Graduation is tomorrow! Capture it. Remember it. 

#collegelife #atubusiness #trending",11,"12/12/2025 19:32",https://www.instagram.com/reel/DSMEd7_jPVF/,"IG reel",,Lifetime,5587,3624,211,23,3,1,2
18093094666902960,17841402105162969,hannahhhardesty,"💟 hannah hardesty!! 𖦹","day in my life as a business management major during finals week!",62,"12/10/2025 11:25",https://www.instagram.com/reel/DSGDP8Mj37h/,"IG reel",,Lifetime,1896,1098,81,1,3,0,
17955227912900866,17841402627774708,atu_business,"ATU LeMoyne Smith School of Business","It’s almost time for our graduating students!🥹 Stop by the reception at Rothwell lobby before graduation for some goodies, breakfast, and pictures 🎓

📅Dec 13 from 8-9am 

Capture the moment and let us celebrate you! 🎉👏

#seniors #graduation #atubusiness #arkansastech",0,"12/09/2025 11:17",https://www.instagram.com/p/DSDdxR6FVRi/,"IG carousel",,Lifetime,3032,1024,97,2,3,1,0
