visitid,itemtype
100001,Antacid
100001,Bread
100001,Candy
100001,CatFood
100001,Chips
100001,Cookies
100001,Diapers
100001,DogFood
100001,LaundryDetergent
100001,Milk
100001,Softdrink
100001,ToothPaste
100002,Bread
100002,Candy
100002,CatFood
100002,Chips
100002,Cookies
100002,Diapers
100002,DogFood
100002,HamburgerBuns
100002,InkPen
100002,LaundryDetergent
100002,Milk
100002,Softdrink
100003,Bread
100003,Candy
100003,CatFood
100003,Chips
100003,Cookies
100003,Diapers
100003,DogFood
100003,HamburgerBuns
100003,LaundryDetergent
100003,Milk
100003,Softdrink
100004,Antacid
100004,Bread
100004,Candy
100004,Chips
100004,Cookies
100004,Diapers
100004,DogFood
100004,HamburgerBuns
100004,LaundryDetergent
100004,LightBulb
100004,Milk
100004,Softdrink
100005,Antacid
100005,Bread
100005,Candy
100005,CatFood
100005,Chips
100005,Cookies
100005,Diapers
100005,DogFood
100005,HamburgerBuns
100005,InkPen
100005,LaundryDetergent
100005,Milk
100005,Soap
100006,Ammunition
100006,Antacid
100006,BeefJerky
100006,Bread
100006,Candy
100006,CatFood
100006,Chips
100006,Cookies
100006,Diapers
100006,HamburgerBuns
100006,Milk
100006,Softdrink
100007,Antacid
100007,Bread
100007,CatFood
100007,Chips
100007,Cookies
100007,Diapers
100007,DogFood
100007,HamburgerBuns
100007,InkPen
100007,LaundryDetergent
100007,Milk
100007,Soap
100007,Softdrink
100008,Bread
100008,Candy
100008,Diapers
100008,LaundryDetergent
100008,LightBulb
100008,Milk
100009,Antacid
100009,Bread
100009,Candy
100009,CatFood
100009,Chips
100009,Cookies
100009,Diapers
100009,DogFood
100009,HamburgerBuns
100009,InkPen
100009,LaundryDetergent
100009,LightBulb
100009,Milk
100009,Softdrink
100010,Candy
100010,Chips
100010,Cookies
100010,Diapers
100010,HamburgerBuns
100010,ToothPaste
100011,BeefJerky
100011,Bread
100011,CatFood
100011,Chips
100011,Cookies
100011,Diapers
100011,DogFood
100011,HamburgerBuns
100011,Milk
100011,Softdrink
100012,Antacid
100012,Bread
100012,Chips
100012,Cookies
100012,Diapers
100012,Softdrink
100013,Bread
100013,Chips
100013,Cookies
100013,HamburgerBuns
100013,LaundryDetergent
100014,Antacid
100014,Chips
100014,Cookies
100014,Diapers
100014,DogFood
100014,HamburgerBuns
100014,Milk
100014,Softdrink
100015,Bread
100015,Chips
100015,Cookies
100015,Diapers
100015,HamburgerBuns
100015,Milk
100015,Soap
100015,Softdrink
100016,Bread
100016,Candy
100016,Chips
100016,Cookies
100016,Diapers
100016,InkPen
100016,Milk
100016,Soap
100017,Ammunition
100017,Bread
100017,CatFood
100017,Chips
100017,Cookies
100017,DogFood
100017,HamburgerBuns
100017,LaundryDetergent
100017,LightBulb
100017,Milk
100017,Soap
100018,Bread
100018,CatFood
100018,Chips
100018,Diapers
100018,DogFood
100018,Milk
100018,Softdrink
100019,Antacid
100019,Bread
100019,Candy
100019,CatFood
100019,Chips
100019,Cookies
100019,Diapers
100019,DogFood
100019,HamburgerBuns
100019,LaundryDetergent
100019,Milk
100019,Soap
100019,Softdrink
100020,Antacid
100020,Bread
100020,Candy
100020,CatFood
100020,Chips
100020,Cookies
100020,Diapers
100020,HamburgerBuns
100020,LaundryDetergent
100020,Milk
100020,MotorOil
100020,Softdrink
100021,Antacid
100021,BeefJerky
100021,Bread
100021,Candy
100021,CatFood
100021,Chips
100021,Cookies
100021,Diapers
100021,DogFood
100021,LaundryDetergent
100021,Milk
100021,Soap
100021,Softdrink
100022,Bread
100022,CatFood
100022,Chips
100022,Cookies
100022,Diapers
100022,DogFood
100022,HamburgerBuns
100022,LaundryDetergent
100022,LightBulb
100022,Milk
100022,Soap
100022,Softdrink
100022,Vitamins
100023,Bread
100023,Candy
100023,Chips
100023,Cookies
100023,Diapers
100023,DogFood
100023,HamburgerBuns
100023,Milk
100023,Softdrink
100024,Chips
100024,Cookies
100024,Diapers
100024,DogFood
100024,HamburgerBuns
100024,InkPen
100024,Milk
100024,Softdrink
100025,Antacid
100025,Bread
100025,Candy
100025,CatFood
100025,Chips
100025,Cookies
100025,Diapers
100025,HamburgerBuns
100025,LaundryDetergent
100025,Milk
100025,Softdrink
100026,CatFood
100026,HamburgerBuns
100026,Milk
100026,Softdrink
100027,Bread
100027,Candy
100027,Cookies
100027,DogFood
100027,HamburgerBuns
100027,Milk
100027,Softdrink
100028,Antacid
100028,Bread
100028,Candy
100028,Cookies
100028,Diapers
100028,HamburgerBuns
100028,LightBulb
100028,Milk
100028,Softdrink
100030,CatFood
100030,Chips
100030,Cookies
100030,DogFood
100030,LaundryDetergent
100031,Chips
100031,Diapers
100031,DogFood
100031,Softdrink
100032,Bread
100032,Candy
100032,Chips
100032,Cookies
100032,Diapers
100032,DogFood
100032,Milk
100034,Ammunition
100034,BeefJerky
100034,Bread
100034,Candy
100034,CatFood
100034,Chips
100034,Cookies
100034,Diapers
100034,DogFood
100034,HamburgerBuns
100034,LightBulb
100034,Milk
100034,Soap
100034,Softdrink
100035,Bread
100035,CatFood
100035,Chips
100035,Cookies
100035,Diapers
100035,LaundryDetergent
100036,BeefJerky
100036,Candy
100036,Chips
100036,DogFood
100036,HamburgerBuns
100036,InkPen
100036,Milk
100037,Bread
100037,Candy
100037,CatFood
100037,Chips
100037,Cookies
100037,Diapers
100037,DogFood
100037,Milk
100037,Softdrink
100038,Antacid
100038,BeefJerky
100038,Bread
100038,Candy
100038,CatFood
100038,Chips
100038,Diapers
100038,DogFood
100038,HamburgerBuns
100038,Milk
100039,Bread
100039,Cookies
100039,Diapers
100039,HamburgerBuns
100039,Milk
100039,Softdrink
100040,Candy
100040,Cookies
100040,Diapers
100041,BeefJerky
100041,Bread
100041,Candy
100041,CatFood
100041,Chips
100041,Cookies
100041,Diapers
100041,DogFood
100041,InkPen
100041,LaundryDetergent
100041,LightBulb
100041,Milk
100041,Softdrink
100042,Antacid
100042,CatFood
100042,Chips
100042,Cookies
100042,Diapers
100042,HamburgerBuns
100042,LaundryDetergent
100043,Bread
100043,CatFood
100043,Cookies
100043,Diapers
100043,DogFood
100045,Antacid
100045,Bread
100045,Candy
100045,Chips
100045,Cookies
100045,InkPen
100045,Milk
100045,Soap
100046,Bread
100046,CatFood
100046,Chips
100046,Cookies
100046,Diapers
100046,DogFood
100046,HamburgerBuns
100046,LaundryDetergent
100046,Milk
100046,Softdrink
100048,CatFood
100048,Cookies
100050,Chips
100050,Cookies
100050,Diapers
100050,Milk
100050,Softdrink
100052,Bread
100052,Chips
100052,Diapers
100052,HamburgerBuns
100052,Milk
100054,CatFood
100054,Chips
100054,Cookies
100054,DogFood
100054,Softdrink
100055,Bread
100055,Candy
100055,CatFood
100055,Chips
100055,Diapers
100055,HamburgerBuns
100055,LaundryDetergent
100055,Milk
100055,Softdrink
100056,Bread
100056,Candy
100057,Antacid
100057,Candy
100057,CatFood
100057,Chips
100057,Cookies
100057,Diapers
100057,DogFood
100057,HamburgerBuns
100057,Milk
100057,Softdrink
100057,ToothPaste
100058,CatFood
100058,Cookies
100058,Diapers
100058,LaundryDetergent
100058,LightBulb
100058,Softdrink
100059,Antacid
100059,Bread
100059,Candy
100059,CatFood
100059,Chips
100059,Cookies
100059,Diapers
100059,DogFood
100059,HamburgerBuns
100059,Milk
100059,Softdrink
100060,Bread
100060,Candy
100060,Chips
100060,Cookies
100060,Diapers
100060,HamburgerBuns
100060,LaundryDetergent
100060,Soap
100060,Softdrink
100061,Bread
100061,Candy
100061,HamburgerBuns
100061,Milk
100062,Candy
100062,CatFood
100062,Chips
100062,Cookies
100062,Diapers
100062,DogFood
100062,HamburgerBuns
100062,Milk
100062,Softdrink
100063,Antacid
100063,Bread
100063,Candy
100063,CatFood
100063,Chips
100063,Cookies
100063,Diapers
100063,DogFood
100063,HamburgerBuns
100063,InkPen
100063,LaundryDetergent
100063,LightBulb
100063,Milk
100063,Softdrink
100063,ToothPaste
100064,BeefJerky
100064,Bread
100064,Chips
100064,Cookies
100064,LaundryDetergent
100065,Antacid
100065,Bread
100065,Candy
100065,Diapers
100065,LaundryDetergent
100066,Candy
100066,Chips
100066,Diapers
100066,LightBulb
100066,Soap
100068,Bread
100068,Candy
100068,CatFood
100068,Chips
100068,Diapers
100068,DogFood
100068,HamburgerBuns
100068,Milk
100069,Bread
100069,DogFood
100069,HamburgerBuns
100069,Milk
100071,Candy
100071,Chips
100071,Milk
100072,BeefJerky
100072,Bread
100072,Candy
100072,CatFood
100072,Chips
100072,Cookies
100072,Diapers
100072,DogFood
100072,Milk
100072,Soap
100072,Softdrink
100073,CatFood
100073,Diapers
100074,Antacid
100074,Candy
100074,CatFood
100074,Chips
100074,Cookies
100074,HamburgerBuns
100074,Soap
100075,Bread
100075,CatFood
100075,DogFood
100076,Bread
100076,Candy
100076,CatFood
100076,Chips
100076,DogFood
100076,HamburgerBuns
100076,Milk
100076,Softdrink
100079,Antacid
100079,Bread
100079,Chips
100079,Cookies
100079,Diapers
100079,HamburgerBuns
100079,Milk
100079,Soap
100079,Softdrink
100080,Bread
100080,Candy
100080,Diapers
100080,DogFood
100080,HamburgerBuns
100080,Softdrink
100081,Bread
100081,Chips
100081,Cookies
100081,Diapers
100082,LaundryDetergent
100082,Soap
100085,BeefJerky
100085,Bread
100085,Candy
100085,Chips
100085,Cookies
100085,Diapers
100085,DogFood
100085,HamburgerBuns
100085,Softdrink
100088,Antacid
100088,Bread
100088,Candy
100088,Cookies
100088,Diapers
100088,Milk
100088,Softdrink
100088,ToothPaste
100089,Antacid
100089,Bread
100089,Candy
100089,Chips
100089,Cookies
100089,Diapers
100089,HamburgerBuns
100089,Milk
100089,Soap
100091,Bread
100091,CatFood
100091,Chips
100091,Cookies
100091,Diapers
100091,HamburgerBuns
100091,LaundryDetergent
100091,Softdrink
100091,ToothPaste
100092,Bread
100092,Cookies
100092,Diapers
100093,Bread
100093,Candy
100093,CatFood
100093,Diapers
100093,HamburgerBuns
100093,Milk
100093,Softdrink
100094,Chips
100094,DogFood
100094,Milk
100096,Bread
100096,Chips
100096,Cookies
100096,Diapers
100096,DogFood
100096,HamburgerBuns
100096,LightBulb
100096,Milk
100096,Softdrink
100097,Antacid
100097,Bread
100097,Candy
100097,CatFood
100097,Chips
100097,Cookies
100097,Diapers
100097,DogFood
100097,HamburgerBuns
100097,Milk
100097,Softdrink
100098,Bread
100098,Candy
100098,CatFood
100098,Chips
100098,Milk
100098,Softdrink
100099,Antacid
100099,Candy
100099,Chips
100099,Cookies
100099,Diapers
100099,DogFood
100099,HamburgerBuns
100099,LaundryDetergent
100099,Milk
100099,Soap
100099,Softdrink
100101,Chips
100101,Diapers
100101,LaundryDetergent
100101,Milk
100104,Milk
100104,Soap
100104,Softdrink
100105,Bread
100105,Cookies
100105,HamburgerBuns
100105,LightBulb
100105,Softdrink
100106,Candy
100106,CatFood
100106,Chips
100106,Cookies
100106,DogFood
100106,HamburgerBuns
100106,Milk
100107,Antacid
100107,Candy
100107,Cookies
100107,HamburgerBuns
100107,Milk
100107,Soap
100107,Softdrink
100108,Bread
100108,CatFood
100108,Chips
100108,Softdrink
100111,Antacid
100111,Candy
100111,Chips
100112,Bread
100112,DogFood
100112,HamburgerBuns
100112,Softdrink
100114,Bread
100114,Candy
100114,CatFood
100114,Chips
100114,Cookies
100114,LightBulb
100114,Milk
100114,Softdrink
100116,BeefJerky
100116,Bread
100116,Chips
100116,Cookies
100116,Diapers
100116,Milk
100116,Softdrink
100117,Bread
100117,Chips
100117,Diapers
100117,Milk
100119,Candy
100119,Chips
100119,Cookies
100119,Diapers
100119,Milk
100120,Milk
100121,Bread
100121,Candy
100121,Chips
100121,Diapers
100121,HamburgerBuns
100121,Milk
100121,Softdrink
100122,BeefJerky
100122,Candy
100122,Chips
100122,Diapers
100122,Softdrink
100124,Bread
100124,CatFood
100124,Chips
100124,DogFood
100124,Softdrink
100125,Antacid
100125,Diapers
100125,LaundryDetergent
100126,Candy
100126,Chips
100126,Softdrink
100127,Bread
100127,Candy
100127,Cookies
100127,Milk
100128,BeefJerky
100128,Chips
100128,Cookies
100128,Diapers
100128,Milk
100128,Softdrink
100129,Bread
100129,Cookies
100129,Diapers
100129,DogFood
100129,LaundryDetergent
100129,Milk
100129,Softdrink
100131,CatFood
100131,Cookies
100132,Candy
100132,Chips
100132,DogFood
100134,BeefJerky
100134,Bread
100134,CatFood
100134,Chips
100134,HamburgerBuns
100134,Milk
100134,MotorOil
100134,Softdrink
100135,Candy
100135,CatFood
100135,Cookies
100135,Diapers
100135,DogFood
100135,HamburgerBuns
100135,LaundryDetergent
100135,Milk
100136,Candy
100136,CatFood
100136,Diapers
100136,Milk
100136,Softdrink
100138,CatFood
100138,Cookies
100138,Diapers
100138,InkPen
100138,LightBulb
100139,Candy
100139,Chips
100139,HamburgerBuns
100139,LaundryDetergent
100148,Antacid
100148,CatFood
100148,Diapers
100148,DogFood
100148,Softdrink
100151,Ammunition
100151,BeefJerky
100151,Candy
100151,Chips
100151,Cookies
100151,Milk
100152,Chips
100152,Cookies
100152,Milk
100152,Softdrink
100155,Bread
100155,Chips
100155,Cookies
100157,Antacid
100157,Bread
100157,Candy
100157,Chips
100157,DogFood
100157,HamburgerBuns
100157,Milk
100157,Soap
100159,Ammunition
100159,BeefJerky
100159,Chips
100159,Diapers
100159,HamburgerBuns
100159,Soap
100160,Bread
100160,Cookies
100160,Diapers
100162,Ammunition
100162,BeefJerky
100162,Bread
100162,Candy
100162,CatFood
100162,Chips
100162,Cookies
100162,HamburgerBuns
100162,InkPen
100162,Milk
100162,Soap
100162,ToothPaste
100163,Ammunition
100163,Bread
100163,Candy
100163,Chips
100163,Diapers
100163,DogFood
100163,LightBulb
100163,Softdrink
100166,Candy
100166,Diapers
100166,HamburgerBuns
100167,Cookies
100167,Diapers
100167,HamburgerBuns
100167,Milk
100169,Candy
100169,Chips
100169,Cookies
100169,HamburgerBuns
100169,Milk
100173,CatFood
100173,Milk
100174,Bread
100174,Chips
100174,Cookies
100174,Diapers
100174,HamburgerBuns
100174,LaundryDetergent
100175,Bread
100175,Chips
100175,Diapers
100175,Softdrink
100176,Bread
100176,Chips
100176,Diapers
100176,DogFood
100176,LaundryDetergent
100176,Softdrink
100179,Bread
100179,Chips
100179,Cookies
100179,Diapers
100179,Milk
100180,Chips
100180,Cookies
100180,Milk
100181,Diapers
100181,Milk
100182,Bread
100182,Candy
100182,Chips
100182,DogFood
100182,HamburgerBuns
100184,Chips
100184,DogFood
100186,Antacid
100186,Bread
100186,Chips
100186,Cookies
100186,Diapers
100186,DogFood
100186,HamburgerBuns
100186,LaundryDetergent
100186,Milk
100186,Softdrink
100188,Bread
100188,Chips
100188,LaundryDetergent
100190,Bread
100190,Chips
100190,DogFood
100190,Softdrink
100196,Bread
100196,Candy
100196,Diapers
100196,HamburgerBuns
100196,Milk
100197,Bread
100197,Candy
100197,Chips
100197,Cookies
100197,HamburgerBuns
100197,Milk
100197,Softdrink
100199,Chips
100199,Cookies
100199,Diapers
100199,DogFood
100199,HamburgerBuns
100199,LightBulb
100201,Antacid
100201,Bread
100201,Candy
100201,Chips
100201,Cookies
100201,Diapers
100201,DogFood
100201,HamburgerBuns
100201,Milk
100202,Ammunition
100202,Bread
100202,Candy
100202,Diapers
100202,LaundryDetergent
100203,Bread
100203,Chips
100203,Cookies
100203,DogFood
100203,LaundryDetergent
100206,Bread
100206,Candy
100206,CatFood
100206,Chips
100206,Cookies
100206,Diapers
100206,DogFood
100206,HamburgerBuns
100206,InkPen
100206,Milk
100209,Bread
100209,Diapers
100209,DogFood
100209,Milk
100209,Soap
100213,Antacid
100213,Bread
100213,Cookies
100213,HamburgerBuns
100213,LaundryDetergent
100213,Milk
100213,Softdrink
100218,Ammunition
100218,Bread
100218,Chips
100218,Cookies
100218,Diapers
100218,HamburgerBuns
100218,Milk
100218,Softdrink
100222,Antacid
100222,Chips
100222,Cookies
100222,Diapers
100222,HamburgerBuns
100222,InkPen
100222,Milk
100222,Softdrink
100225,Chips
100225,Cookies
100225,DogFood
100225,LightBulb
100225,Milk
100226,Bread
100226,Candy
100226,Chips
100226,Diapers
100226,HamburgerBuns
100226,Milk
100227,Antacid
100227,Bread
100227,Candy
100227,Chips
100227,Cookies
100227,Milk
100227,Softdrink
100228,Bread
100228,Chips
100228,Cookies
100228,Diapers
100228,Softdrink
100231,Chips
100231,Cookies
100231,DogFood
100231,HamburgerBuns
100239,Candy
100239,CatFood
100239,Chips
100239,Cookies
100239,Milk
100239,Softdrink
100241,Bread
100241,Candy
100241,Cookies
100241,Diapers
100245,Cookies
100245,Milk
100245,Softdrink
100251,Candy
100251,Cookies
100252,Antacid
100252,BeefJerky
100252,Bread
100252,CatFood
100252,Softdrink
100258,Diapers
100258,Milk
100261,Bread
100261,Candy
100261,CatFood
100261,Chips
100261,Diapers
100262,Chips
100262,Cookies
100262,Diapers
100262,DogFood
100262,HamburgerBuns
100262,LaundryDetergent
100265,Bread
100265,Candy
100265,CatFood
100265,Cookies
100265,Diapers
100266,CatFood
100266,Chips
100266,Cookies
100266,HamburgerBuns
100266,LaundryDetergent
100266,Milk
100266,Soap
100266,Softdrink
100268,Bread
100268,Candy
100268,Cookies
100268,Diapers
100268,HamburgerBuns
100268,LightBulb
100268,Milk
100269,Chips
100269,DogFood
100269,InkPen
100269,LaundryDetergent
100269,Milk
100271,Bread
100271,Cookies
100271,Milk
100274,Candy
100274,Cookies
100274,DogFood
100274,Milk
100274,Softdrink
100277,CatFood
100277,Softdrink
100278,Antacid
100278,BeefJerky
100278,Candy
100278,Chips
100278,Cookies
100278,Diapers
100279,CatFood
100279,Cookies
100279,Soap
100281,Candy
100281,Cookies
100281,Diapers
100281,HamburgerBuns
100281,Milk
100284,Antacid
100284,CatFood
100284,Cookies
100284,HamburgerBuns
100284,Milk
100284,Soap
100285,Bread
100285,Candy
100285,Cookies
100285,Diapers
100285,HamburgerBuns
100285,Milk
100286,Bread
100286,Chips
100286,Cookies
100286,Diapers
100286,HamburgerBuns
100286,LaundryDetergent
100290,Bread
100290,Candy
100290,Cookies
100290,DogFood
100290,Softdrink
100291,Milk
100291,Softdrink
100292,Diapers
100292,LaundryDetergent
100292,Milk
100292,Softdrink
100293,Bread
100293,Cookies
100293,DogFood
100293,HamburgerBuns
100294,Bread
100294,Candy
100294,HamburgerBuns
100294,Softdrink
100301,Candy
100301,Milk
100317,Bread
100317,Softdrink
100318,Antacid
100318,Bread
100318,Chips
100318,Cookies
100318,Milk
100320,Bread
100320,Chips
100320,Soap
100329,Candy
100329,Chips
100329,Diapers
100329,Milk
100329,Softdrink
100331,Bread
100331,Chips
100331,HamburgerBuns
100334,Antacid
100334,Bread
100334,Candy
100334,Chips
100334,Cookies
100334,Milk
100334,Softdrink
100345,Chips
100345,Soap
100345,Softdrink
100359,Bread
100359,Candy
100359,Chips
100359,HamburgerBuns
100359,LightBulb
100359,Milk
100359,Soap
100359,Softdrink
100367,BeefJerky
100367,Chips
100367,Cookies
100367,Diapers
100367,Milk
100367,Softdrink
100375,HamburgerBuns
100375,LaundryDetergent
100375,Softdrink
100391,BeefJerky
100391,Chips
100391,Cookies
