Student,FinalGrade1403,Transfer,ACT_Score,ACT_Math,HS_GPA,success
1,83,no,23,14,3.58,yes
2,98,yes,30,32,3.6,yes
3,89,no,24,21,2.77,yes
4,47,no,21,24,2.89,no
5,91,no,24,18,2.85,yes
6,78,no,31,31,3.52,yes
7,69,no,25,25,3.25,yes
8,97,no,22,25,2.58,yes
9,80,no,28,26,2.42,yes
10,70,yes,24,24,2.89,no
11,84,no,25,27,3.08,yes
12,77,no,26,28,2.74,yes
13,80,no,26,19,2.32,yes
14,49,no,28,25,3.13,yes
15,96,yes,31,33,3.71,yes
16,94,no,26,29,2.71,yes
17,87,no,22,27,3.87,yes
18,84,no,24,21,2.62,yes
19,99,no,19,20,3.22,yes
20,78,no,19,20,3.04,yes
21,79,no,21,23,2.23,yes
22,47,no,20,21,2.77,no
23,82,no,23,26,3.06,yes
24,91,no,15,20,3.25,no
25,57,no,25,22,2.65,yes
26,90,no,18,19,2.78,yes
27,70,no,19,16,2.24,yes
28,91,no,23,25,3.38,yes
29,78,no,23,27,2.92,yes
30,89,no,23,19,2.22,yes
31,92,no,14,13,2.54,yes
32,67,no,19,18,2.7,no
33,99,no,25,20,3.05,yes
34,74,no,21,24,2.84,yes
35,71,no,22,21,2.73,yes
36,89,no,25,25,3.07,yes
37,77,no,19,25,2.53,yes
38,50,no,20,18,2.84,yes
39,86,no,23,16,2.51,yes
40,97,no,26,30,3.11,yes
41,87,no,19,18,2.61,yes
42,87,no,22,21,2.26,yes
43,93,no,20,21,2.5,yes
44,77,no,32,20,3.39,yes
45,88,no,27,23,2.39,yes
46,53,no,21,23,2.85,no
47,85,no,27,34,3.21,yes
48,77,no,27,25,3.28,yes
49,98,no,24,20,3.89,yes
50,62,no,23,26,2.28,yes
51,95,no,33,18,3.93,yes
52,86,no,25,30,3.75,yes
53,96,no,20,16,2.6,yes
54,52,no,18,24,3.32,yes
55,79,no,18,21,2.22,yes
56,92,no,13,4,2.09,no
57,61,no,22,21,4,yes
58,84,no,29,35,3.48,yes
59,90,no,26,22,3.4,yes
60,68,no,25,36,2.67,yes
61,78,yes,23,28,2.02,yes
62,83,no,22,18,2.86,yes
63,83,no,26,19,2.61,yes
64,95,no,22,25,2.74,yes
65,88,no,18,19,2.2,yes
66,84,no,16,7,3.63,yes
67,84,no,18,18,3.52,yes
68,60,no,23,21,3.83,no
69,94,no,19,16,2.73,no
70,84,no,31,29,2.25,yes
71,71,yes,15,21,2.24,yes
72,74,no,22,29,2.07,yes
73,60,no,31,26,2.99,yes
74,96,no,24,23,2.76,yes
75,61,no,20,21,2.56,yes
76,76,no,20,24,2.32,yes
77,75,no,16,9,3.01,no
78,76,no,24,23,2.72,yes
79,82,no,23,18,2.59,yes
80,52,no,23,28,2.19,yes
81,86,no,26,33,3.36,yes
82,88,no,21,12,3.47,yes
83,54,no,19,20,2.88,yes
84,75,no,28,29,2.08,yes
85,82,no,8,3,2.76,no
86,88,no,21,17,2.76,yes
87,82,no,22,17,3.05,yes
88,97,no,20,13,3.14,yes
89,89,no,20,25,2.33,yes
90,73,no,20,17,3.44,no
91,95,no,25,27,2.67,yes
92,65,no,21,19,3.16,yes
93,85,no,25,18,3.04,yes
94,71,no,24,18,3.86,no
95,71,yes,29,32,2.1,yes
96,62,no,16,20,2.15,no
97,80,yes,19,18,2.49,yes
98,79,no,26,28,3.02,yes
99,77,no,14,12,3.07,no
100,97,yes,21,21,2.1,yes
101,60,no,22,22,2.61,yes
102,91,no,24,23,3.39,yes
103,79,no,25,15,3.61,yes
104,97,no,28,23,2.51,yes
105,87,no,19,15,2.38,no
106,99,no,21,14,2.78,yes
107,95,no,23,26,2.43,yes
108,94,no,25,18,3.09,yes
109,75,yes,20,19,2.36,no
110,95,no,27,23,2.82,yes
111,93,no,30,36,3.66,yes
112,91,no,16,15,2.68,yes
113,69,yes,25,26,2.67,yes
114,73,no,21,23,2.4,yes
115,61,yes,15,11,2.02,no
116,82,no,22,31,2.19,yes
117,79,no,21,21,2.6,yes
118,61,no,18,14,2.32,no
119,68,no,25,31,2.45,yes
120,70,yes,24,25,2.04,yes
121,75,yes,19,22,2.36,yes
122,86,no,23,29,2.72,yes
123,80,no,18,23,3.4,yes
124,86,yes,21,29,2.31,yes
125,92,no,23,27,2.27,yes
126,100,no,21,20,2.64,yes
127,83,no,19,17,2.72,yes
128,85,no,17,11,2.82,yes
129,82,no,19,18,3.42,no
130,99,no,20,21,3.33,yes
131,89,no,24,33,3.43,yes
132,90,no,21,9,2.45,yes
133,84,no,23,22,2.47,yes
134,95,no,26,25,4,yes
135,82,no,30,33,3.36,yes
136,72,no,23,12,2.97,yes
137,73,no,26,34,2.38,yes
138,79,no,19,15,2.57,no
139,77,no,27,31,2.41,yes
140,80,no,29,26,3.13,yes
141,88,no,24,19,2.53,yes
142,81,yes,18,13,2.71,no
143,56,no,19,18,3.34,no
144,100,no,18,8,2.25,yes
145,86,yes,25,27,2.14,yes
146,44,no,22,25,2.08,no
147,93,no,19,18,2.32,yes
148,100,no,20,24,2.91,yes
149,67,no,24,17,2.39,no
150,64,no,28,24,3.55,yes
151,66,no,22,8,2.05,no
152,81,no,19,16,2.87,yes
153,86,no,23,23,3.42,yes
154,90,no,23,19,2.16,yes
155,73,no,20,28,2.82,yes
156,65,no,24,27,2.92,yes
157,70,no,25,25,2.62,yes
158,68,no,18,20,2.29,no
159,73,no,20,12,2.5,no
160,69,no,20,20,3.65,yes
161,75,no,17,7,2.57,no
162,70,yes,19,18,3.54,no
163,64,no,22,30,2.29,yes
164,99,no,16,9,2.08,no
165,96,no,18,18,3.37,yes
166,72,no,26,24,2.28,yes
167,89,no,27,22,2.85,yes
168,97,no,19,17,4,yes
169,84,no,30,36,3.83,yes
170,65,no,21,14,2.69,yes
171,91,no,24,29,3.15,yes
172,91,no,22,8,2.35,yes
173,76,no,22,13,2.33,yes
174,62,no,16,21,2.5,no
175,70,no,25,18,3.27,yes
176,88,no,20,22,3.32,yes
177,68,no,15,20,3.53,no
178,91,no,21,27,3.72,yes
179,60,no,18,11,2.93,no
180,77,yes,27,23,3.08,yes
181,62,no,22,22,2.32,yes
182,95,no,27,23,2.08,yes
183,54,no,14,6,2.59,no
184,77,no,26,19,3.17,yes
185,87,yes,22,29,4,yes
186,55,no,16,21,2.97,yes
187,91,no,25,23,3.39,yes
188,98,no,22,12,2.84,yes
189,74,no,18,17,3.2,no
190,97,no,20,9,4,yes
191,79,no,17,15,2.16,yes
192,82,no,24,20,2.94,yes
193,59,no,21,34,3.68,yes
194,89,no,19,20,2.41,yes
195,97,no,25,28,2.91,yes
196,67,no,24,27,2.46,yes
197,81,yes,27,20,3.49,yes
198,99,no,19,14,2.56,yes
199,84,no,26,23,3.55,yes
200,89,no,22,18,2.54,yes
201,97,no,30,23,3.18,yes
202,66,no,28,27,2.07,yes
203,49,no,24,25,3.06,no
204,76,no,20,25,3.03,yes
205,95,no,16,17,2.49,yes
206,87,no,27,20,3.67,yes
207,82,no,26,20,2.07,yes
208,80,no,24,19,3.53,yes
209,86,no,28,22,2.97,yes
210,72,no,24,14,2.4,no
211,87,no,22,12,2.1,yes
212,79,no,24,18,2.63,yes
213,88,no,26,29,3.93,yes
214,69,yes,16,16,2.35,no
215,83,no,27,30,3.85,yes
216,71,no,31,34,3.69,yes
217,47,no,22,12,3.58,no
218,78,no,22,19,2.23,yes
219,87,no,21,22,2.69,yes
220,70,no,27,30,2.77,yes
221,85,no,22,14,2.58,yes
222,78,no,27,28,2.4,yes
223,90,no,31,29,3.53,yes
224,58,no,20,15,3.05,no
225,75,no,27,29,3.74,yes
226,84,no,19,18,2.16,yes
227,97,no,20,22,2.13,yes
228,99,no,20,21,3.45,yes
229,70,yes,23,23,2.46,yes
230,84,no,20,18,2.41,yes
231,70,no,21,21,3.34,yes
232,96,no,13,12,2.91,yes
233,88,no,23,29,2.91,yes
234,79,no,27,31,2.39,yes
235,97,no,24,17,3.88,yes
236,89,no,21,35,2.95,yes
237,66,no,18,14,2.5,no
238,59,no,25,20,2.38,no
239,97,no,18,11,2.1,yes
240,76,yes,29,27,3.63,yes
241,73,no,19,12,3.36,no
242,75,no,28,25,2.89,yes
243,85,no,25,24,3.53,yes
244,76,no,19,17,3.53,no
245,81,no,21,18,2.19,yes
246,84,no,14,14,2.09,no
247,96,no,29,25,3.44,yes
248,80,no,21,24,3.1,yes
249,90,no,10,10,3.57,no
250,97,no,16,17,2.09,yes
251,95,no,21,27,2.93,yes
252,75,no,17,8,2.1,no
253,59,no,24,19,2.98,no
254,85,no,20,17,2.18,yes
255,68,no,17,11,3.04,no
256,70,no,26,22,2.41,yes
257,95,no,21,22,2.73,yes
258,79,no,19,21,2.96,yes
259,76,yes,19,13,3.53,no
260,92,no,25,31,2.53,yes
261,86,no,24,10,2.95,no
262,65,no,20,23,2.94,yes
263,70,no,13,10,3.2,no
264,73,no,29,30,4,yes
265,98,yes,27,21,3.27,yes
266,94,yes,19,24,2.82,yes
267,100,yes,27,28,3.16,yes
268,98,no,26,23,3.4,yes
269,87,yes,30,35,2.42,yes
270,86,no,20,17,3.29,yes
271,63,yes,15,9,2.95,no
272,68,no,22,27,2.44,yes
273,73,no,27,30,3.18,yes
274,85,yes,24,19,2.4,yes
275,70,no,18,18,3.07,no
276,98,no,28,33,3.48,yes
277,90,no,24,28,2.76,yes
278,89,yes,16,17,3.23,yes
279,89,no,13,13,2.86,no
280,83,no,19,30,3.67,yes
281,84,no,19,18,2.05,yes
282,75,no,18,15,2.29,yes
283,93,no,25,24,3.24,yes
284,55,no,24,18,3.08,yes
285,84,no,27,31,3.69,yes
286,81,yes,21,14,2.85,yes
287,89,no,25,22,2.66,yes
288,75,no,22,16,3.37,yes
289,86,no,21,30,2.84,yes
290,93,no,23,25,2.61,yes
291,67,no,22,26,2.92,yes
292,89,no,17,4,2.02,no
293,90,no,25,26,2.43,yes
294,82,no,24,14,3.6,yes
295,86,no,17,15,4,yes
296,86,no,20,20,2.13,yes
297,89,no,21,11,2.87,no
298,94,no,28,24,2.89,yes
299,93,no,24,23,2.81,yes
300,86,no,25,25,2.46,yes
301,77,no,36,33,3.48,yes
302,86,no,22,23,2.63,yes
303,88,yes,28,35,2.25,yes
304,83,no,22,15,3.77,yes
305,63,no,26,25,4,yes
306,89,yes,17,20,2.37,yes
307,88,no,22,27,2.5,yes
308,78,no,15,16,2.74,yes
309,83,no,19,20,3.16,yes
310,94,no,26,24,3.75,yes
311,83,yes,24,18,2.65,yes
312,74,no,28,21,2.08,yes
313,92,no,17,33,2.38,yes
314,81,no,20,19,3.06,yes
315,74,no,17,16,2.8,no
316,88,no,19,22,2.41,yes
317,98,no,15,5,2.77,yes
318,75,no,22,15,2.93,yes
319,81,no,29,36,3.11,yes
320,86,no,33,32,4,yes
321,83,no,23,20,2.18,yes
322,85,no,24,18,3.1,yes
323,79,no,22,19,2.48,yes
324,89,no,19,12,2.47,yes
325,96,no,24,27,2.52,yes
326,93,yes,22,27,2.77,yes
327,83,no,26,28,2.02,yes
328,65,yes,32,36,3.17,yes
329,68,no,29,26,3.82,yes
330,81,no,17,18,2.01,yes
331,66,no,18,10,2.17,no
332,87,no,23,21,2.69,yes
333,90,no,24,25,3.48,yes
334,92,no,22,25,2.1,yes
335,64,no,21,18,4,yes
336,82,no,18,15,2.21,yes
337,40,no,20,17,2.92,no
338,79,no,20,27,2.84,yes
339,95,no,20,19,4,yes
340,74,no,29,30,3.54,yes
341,93,no,19,24,2.43,yes
342,61,yes,21,12,2.15,no
343,97,no,17,8,3.99,yes
344,51,no,17,26,2.85,no
345,86,no,14,16,3.2,no
346,65,no,17,9,2.62,no
347,92,yes,15,9,2.45,yes
348,86,no,14,21,2.42,yes
349,84,no,26,33,2.47,yes
350,55,no,27,24,2.72,yes
351,96,no,20,22,3.82,yes
352,88,no,29,36,2.67,yes
353,58,no,19,20,2.48,yes
354,82,no,28,15,3.97,yes
355,85,no,26,18,2.97,yes
356,79,yes,22,18,2.54,yes
357,87,no,17,17,2.82,yes
358,93,no,29,17,3.51,yes
359,100,no,21,22,3.92,yes
360,77,no,19,21,2.69,yes
361,89,no,24,22,2.43,yes
362,92,no,22,26,4,yes
363,62,no,28,32,2.47,yes
364,95,no,21,25,3.04,yes
365,61,no,19,14,3.5,no
366,83,no,19,23,3,yes
367,77,no,21,19,2.26,yes
368,92,no,28,36,2.96,yes
369,82,no,23,13,2.83,yes
370,58,no,22,27,2.42,yes
371,97,no,16,23,2.78,yes
372,87,no,19,24,3.16,yes
373,90,no,24,23,2.13,yes
374,97,no,22,19,2.68,yes
375,93,no,18,22,2.5,yes
376,93,no,14,11,2.22,yes
377,73,no,17,17,2.95,no
378,99,no,26,19,2.78,yes
379,62,no,26,14,3.22,yes
380,59,no,21,15,2.53,yes
381,74,no,19,10,2.53,no
382,59,no,26,26,2.34,yes
383,89,no,24,23,3.67,yes
384,61,no,24,17,2.63,no
385,76,no,14,15,2.01,no
386,64,no,21,16,3.35,no
387,98,no,19,22,2.02,yes
388,68,no,25,13,2.79,yes
389,99,no,25,23,2.65,yes
390,82,yes,17,13,3.38,yes
391,87,no,24,28,2.43,yes
392,88,yes,18,26,4,yes
393,70,no,25,28,2.24,no
394,71,no,26,23,2.91,yes
395,85,no,17,15,2.27,yes
396,97,no,22,16,2.86,yes
397,74,no,25,30,3.69,yes
398,77,no,23,30,3.45,yes
399,75,yes,19,16,4,yes
400,88,no,28,28,2.32,yes
401,56,no,31,29,2.83,yes
402,98,no,17,21,3.09,yes
403,97,no,16,15,3.13,yes
404,64,yes,14,12,2.66,no
405,72,no,23,25,2.39,yes
406,77,no,28,32,3.35,yes
407,46,no,33,36,2.84,yes
408,81,no,20,17,2.11,yes
409,83,no,30,35,4,yes
410,98,no,25,25,3.54,yes
411,75,no,22,8,2.98,yes
412,81,no,21,18,2.98,yes
413,68,no,23,15,2.59,yes
414,69,no,19,19,3.03,yes
415,75,no,21,19,3,no
416,98,no,25,22,2.23,yes
417,96,no,25,26,2.89,yes
418,88,no,28,31,4,yes
419,74,no,25,33,2.06,yes
420,87,no,22,18,2.34,yes
421,98,no,29,23,2.73,yes
422,48,no,21,19,2.34,no
423,59,no,24,21,3.04,no
424,81,no,17,23,2.13,no
425,45,no,20,26,3.3,yes
426,76,no,17,18,2.45,no
427,94,no,20,25,2.18,yes
428,54,no,21,24,2.13,yes
429,93,no,13,13,2.93,yes
430,81,no,22,17,3.18,yes
431,38,no,29,23,3.08,no
432,100,no,18,25,3.44,yes
433,91,no,22,27,2.43,yes
434,69,no,17,18,2.53,yes
435,75,no,22,18,2.56,yes
436,98,no,30,33,3.5,yes
437,98,no,17,10,3.43,yes
438,96,no,24,24,3.17,yes
439,68,no,17,17,3.19,no
440,95,no,19,22,2.83,yes
441,90,no,26,31,3.93,yes
442,77,no,25,29,2.3,yes
443,100,no,19,12,2.2,yes
444,41,no,19,27,2.68,yes
445,61,no,18,9,3.29,no
446,87,no,18,18,2.9,yes
447,71,no,29,32,3.87,yes
448,99,no,22,20,2.84,yes
449,94,no,30,31,2.93,yes
450,79,no,25,26,3.54,yes
451,89,no,22,22,3.73,yes
452,77,no,30,36,2.89,yes
453,90,no,24,21,2.76,yes
454,79,no,20,23,2.65,yes
455,88,no,16,16,2.48,yes
456,77,no,15,15,2.51,no
457,68,no,18,16,2.69,no
458,61,yes,22,20,3.74,no
459,82,no,25,30,2.91,yes
460,99,no,15,20,2.44,yes
461,86,no,24,27,3.26,yes
462,100,no,20,13,2.48,yes
463,90,no,24,15,2.5,yes
464,93,no,16,17,2.15,yes
465,79,no,24,22,2.73,yes
466,73,no,27,24,2.69,yes
467,95,no,21,17,2.34,yes
468,87,no,19,25,2.86,yes
469,60,no,15,11,2.15,yes
470,99,yes,18,14,2.13,yes
471,88,no,23,26,2.18,yes
472,79,no,27,30,2.88,yes
473,86,no,22,16,2.78,no
474,82,yes,23,26,2.69,yes
475,90,yes,27,25,3.08,yes
476,84,no,26,23,2.71,yes
477,80,no,20,25,2.85,yes
478,78,no,17,17,3.65,no
479,99,no,18,21,2.79,yes
480,81,no,21,11,2.65,yes
481,80,no,30,21,2.72,yes
482,85,no,32,30,2.56,yes
483,58,no,26,26,3.11,yes
484,55,no,8,-3,2.58,no
485,92,no,16,17,2.57,yes
486,69,no,29,25,2.25,yes
487,72,no,21,15,3.18,yes
488,95,no,36,33,3.44,yes
489,73,no,29,30,4,yes
490,45,no,23,20,2.95,no
491,77,no,17,26,2.35,yes
492,99,no,27,26,4,yes
493,100,no,27,23,2.79,yes
494,85,no,21,25,3.44,yes
495,59,no,21,21,3.14,yes
496,93,no,27,31,3.64,yes
497,46,no,32,34,4,yes
498,86,no,20,20,2.02,yes
499,78,no,19,24,2.65,yes
500,70,no,25,20,3.15,yes
501,74,yes,20,19,2.86,yes
502,87,no,21,28,3.4,yes
503,87,no,30,32,2.98,yes
504,85,no,19,13,2.33,yes
505,96,no,27,33,2.49,yes
506,84,no,25,19,2.17,yes
507,82,no,23,19,2.66,yes
508,86,no,17,24,3.45,yes
509,85,no,24,21,2.48,yes
510,85,no,17,25,2.52,yes
511,81,yes,24,23,2.54,yes
512,95,yes,11,8,3.83,yes
513,85,no,19,14,2.08,yes
514,54,yes,21,19,2.18,yes
515,97,no,21,23,2.91,yes
516,91,no,25,33,2.91,yes
517,74,no,23,28,2.3,yes
518,89,no,31,36,3.11,yes
519,78,no,22,19,2.35,no
520,91,no,24,13,3.42,yes
521,98,no,22,9,3.24,no
522,75,no,18,12,2.15,yes
523,78,no,25,28,4,yes
524,78,yes,21,21,2.66,yes
525,82,no,27,36,2.81,yes
526,69,yes,33,36,3.55,yes
527,94,no,24,24,2.24,yes
528,97,no,22,21,2.73,yes
529,56,no,25,23,2.4,yes
530,93,no,21,22,2.48,yes
531,99,no,20,18,3.13,yes
532,87,no,24,20,2.72,yes
533,98,no,28,28,3.55,yes
534,60,no,20,11,3.76,no
535,70,no,25,19,2.84,yes
536,70,yes,17,19,2.09,yes
537,95,no,19,11,2.39,yes
538,96,no,28,32,3.22,yes
539,79,no,21,10,2.45,yes
540,85,no,20,26,2.13,yes
541,91,no,18,25,2.04,yes
542,58,no,23,24,2.52,no
543,54,no,27,24,2.02,yes
544,74,no,15,8,3.13,no
545,82,no,27,30,3.09,yes
546,43,no,21,15,2.85,no
547,90,no,27,27,4,yes
548,71,no,26,28,2.15,yes
549,88,no,24,15,2.48,no
550,84,no,15,12,2.75,yes
551,82,no,25,17,2.68,yes
552,75,no,21,31,3.71,yes
553,76,no,24,23,2.51,yes
554,78,no,20,13,3.18,yes
555,73,yes,19,16,3.77,yes
556,97,no,26,28,3.98,yes
557,78,yes,21,15,2.58,yes
558,88,no,27,30,2.67,yes
559,100,yes,29,25,4,yes
560,80,no,18,16,3.85,yes
561,76,no,28,22,2.47,yes
562,61,no,25,20,2.78,yes
563,93,no,21,20,2.64,yes
564,84,no,19,18,3.02,yes
565,81,no,14,18,3.11,yes
566,97,no,15,24,3.48,yes
567,89,no,21,20,3.31,yes
568,84,no,16,18,2.88,no
569,95,no,21,16,2.73,yes
570,94,no,21,23,4,yes
571,79,no,24,27,2.7,yes
572,81,no,25,26,2.94,yes
573,95,no,24,16,2.8,yes
574,93,no,20,18,2.71,yes
575,100,no,15,13,3.2,yes
576,75,no,23,26,3.25,yes
577,82,no,21,17,2.96,yes
578,98,no,28,24,3.38,yes
579,63,no,24,24,3.02,yes
580,66,no,19,19,3.91,yes
581,95,no,21,18,2.87,yes
582,87,no,25,21,4,yes
583,79,no,24,31,3.23,yes
584,69,yes,19,18,2.31,yes
585,53,no,19,26,2.07,yes
586,79,no,24,13,3.24,yes
587,92,no,18,10,2.43,yes
588,78,no,22,20,2.32,yes
589,73,no,19,16,2.24,no
590,86,no,22,30,2.93,yes
591,87,no,23,18,2.78,yes
592,81,no,13,7,4,no
593,98,no,17,28,2.62,yes
594,83,no,24,19,2.44,yes
595,70,no,21,21,3.39,yes
596,81,no,27,30,2.75,yes
597,76,no,27,25,3.55,yes
598,82,yes,30,33,2.7,yes
599,78,yes,20,15,2.58,no
600,73,no,27,30,2.31,yes
601,72,no,14,15,2.05,no
602,61,no,20,16,3.71,no
603,72,no,15,13,3.49,no
604,98,no,33,26,3.72,yes
605,91,no,16,17,3.48,yes
606,99,no,19,17,2.99,yes
607,96,no,20,13,3.44,yes
608,85,no,21,25,2.44,yes
609,48,no,20,16,3.47,no
610,86,no,29,20,2.08,yes
611,70,no,27,29,2.81,yes
612,87,no,23,23,3.46,yes
613,87,no,22,13,3.56,yes
614,70,no,19,27,2.88,yes
615,81,no,23,18,2.88,no
616,65,no,29,34,3.35,yes
617,74,no,21,7,3.2,no
618,74,no,27,16,2.63,yes
619,56,yes,2,3,3.06,no
620,81,no,26,23,3.03,yes
621,75,no,14,19,3.42,no
622,70,yes,27,20,3.47,yes
623,81,no,20,19,2.25,yes
624,93,no,23,26,3.01,yes
625,84,no,20,25,4,yes
626,60,no,22,9,2.06,no
627,54,yes,17,15,2.54,no
628,80,no,16,10,4,no
629,88,no,27,33,3.29,yes
630,51,no,29,36,2.52,yes
631,69,no,17,19,2.6,yes
632,64,no,16,22,2.72,no
633,61,no,22,31,2.25,yes
634,88,no,18,20,2.11,yes
635,93,no,20,17,2.54,yes
636,96,no,20,14,3.22,yes
637,87,no,21,15,2.71,yes
638,80,no,18,23,2.61,yes
639,99,no,24,33,2.54,yes
640,80,no,26,33,2.94,yes
641,85,no,24,18,2.01,yes
642,89,no,21,19,3.16,yes
643,82,no,24,30,3.17,yes
644,83,no,19,28,2.8,yes
645,78,no,26,21,2.09,yes
646,79,yes,24,26,3.1,yes
647,70,no,17,15,3.21,no
648,89,no,26,19,3.9,yes
649,73,no,23,23,3.09,yes
650,91,no,13,17,2.43,yes
651,73,no,23,25,3.03,yes
652,79,no,22,18,2.92,no
653,99,no,24,18,2.12,yes
654,97,no,24,29,2.65,yes
655,98,yes,23,19,3.38,yes
656,84,no,20,20,2.86,yes
657,76,no,16,9,3.3,no
658,82,yes,27,27,2.83,yes
659,85,no,25,32,2.93,yes
660,70,no,20,15,2.19,no
661,89,no,20,20,3.59,yes
662,84,no,21,12,3.9,yes
663,81,yes,26,23,4,yes
664,82,no,19,24,3.34,yes
665,78,no,19,21,3.1,yes
666,98,no,26,16,2.63,yes
667,79,no,14,16,2.84,no
668,71,no,17,7,2.45,no
669,71,no,22,19,2.07,yes
670,71,no,19,20,3.53,yes
671,87,no,25,26,4,yes
672,90,no,26,26,2.96,yes
673,73,no,22,9,2.17,no
674,57,no,31,28,4,yes
675,79,no,21,30,2.74,yes
676,100,no,18,26,3.1,yes
677,76,no,30,36,2.83,yes
678,73,no,25,26,2.79,yes
679,68,no,22,26,2.39,yes
680,86,no,15,13,2.81,no
681,86,no,18,16,2.53,yes
682,59,yes,18,15,2.72,no
683,100,no,19,17,2.98,yes
684,63,no,30,26,4,yes
685,94,no,17,11,3.97,yes
686,79,no,17,19,3.28,yes
687,92,no,15,19,3.47,yes
688,87,no,25,34,3.76,yes
689,56,no,27,31,2.88,yes
690,92,no,12,10,3.19,yes
691,82,no,16,17,2.53,no
692,52,no,23,19,3.27,no
693,62,no,27,23,3.21,no
694,78,no,20,23,3.07,yes
695,99,no,29,29,4,yes
696,94,no,20,21,2.52,yes
697,61,no,14,12,3.25,no
698,94,no,23,21,2.94,yes
699,92,no,21,22,3.28,yes
700,72,yes,21,28,2.73,yes
701,85,no,21,13,2.16,no
702,75,no,18,25,2.88,yes
703,85,no,21,16,3.88,yes
704,95,yes,24,28,2.76,yes
705,77,no,22,25,2.82,yes
706,82,no,18,17,2.67,yes
707,79,no,28,22,3.77,yes
708,74,no,24,20,3.17,yes
709,80,no,21,24,2.96,yes
710,75,no,29,27,2.84,yes
711,51,no,26,20,3.52,no
712,96,no,28,26,2.88,yes
713,95,no,30,25,3.01,yes
714,98,no,20,21,3.04,yes
715,48,yes,25,14,3.29,no
716,97,no,22,25,2.05,yes
717,63,no,22,18,2.4,no
718,52,no,19,17,2.76,no
719,73,no,22,35,2.98,yes
720,85,no,26,26,3.15,yes
721,87,no,22,10,2.99,yes
722,55,no,26,25,3.97,yes
723,73,no,18,13,2.03,no
724,82,no,23,27,2.7,yes
725,69,no,18,24,2.09,yes
726,53,no,25,28,2.27,no
727,88,no,26,25,3.61,yes
728,98,no,33,27,3.61,yes
729,74,no,16,26,2.73,yes
730,81,no,21,25,2.13,yes
731,89,no,23,22,2.74,yes
732,92,no,20,19,3.68,yes
733,69,no,20,15,2.83,yes
734,74,no,23,26,2.93,yes
735,45,no,22,22,2.39,no
736,93,no,28,26,3.12,yes
737,77,yes,26,30,2.9,yes
738,88,no,23,16,2.69,yes
739,67,no,10,5,3.02,no
740,61,no,23,22,3.58,yes
741,91,no,19,12,2.05,yes
742,95,no,21,15,3.34,yes
743,71,no,21,17,3.24,yes
744,82,no,30,27,3.11,yes
745,73,no,18,12,2.95,yes
746,96,no,28,29,3.79,yes
747,84,yes,24,22,3.15,yes
748,61,no,20,19,2.05,no
749,87,no,18,17,3.38,yes
750,55,no,22,21,2.75,no
751,76,no,22,15,3.21,yes
752,75,no,23,26,3.39,yes
753,72,no,7,12,4,no
754,96,no,18,16,2.95,yes
755,69,no,27,22,3.46,yes
756,97,no,15,23,2.4,yes
757,76,no,19,22,2.06,yes
758,90,no,17,19,2.07,yes
759,84,no,16,10,2.45,no
760,87,no,11,8,2.71,yes
761,87,no,25,28,2.5,yes
762,74,no,19,10,3.2,yes
763,69,no,25,24,2.14,yes
764,59,no,23,13,3.63,no
765,81,no,16,13,2.25,no
766,69,no,17,20,2.51,no
767,99,no,21,26,2.68,yes
768,82,no,12,17,2.17,no
769,81,no,16,17,2.45,no
770,55,yes,20,17,3.8,no
771,73,no,22,21,2.58,yes
772,76,no,18,15,3.27,no
773,89,no,23,23,2.44,yes
774,84,no,22,17,2.42,yes
775,72,yes,23,26,2.76,yes
776,79,no,20,18,2.48,yes
777,83,yes,24,17,3.04,yes
778,86,yes,28,33,3,yes
779,83,no,22,16,2.37,yes
780,70,no,24,22,2.46,yes
781,84,no,22,18,2.15,yes
782,80,yes,17,12,2.88,yes
783,98,no,15,13,2.81,yes
784,86,no,18,22,3,yes
785,97,no,30,33,2.64,yes
786,78,no,22,16,2.53,yes
787,68,no,26,27,2.62,yes
788,98,no,23,18,3.32,yes
789,85,no,20,20,3.22,yes
790,54,no,21,27,3.06,yes
791,90,yes,23,26,3.01,yes
792,68,no,26,14,3.97,yes
793,100,no,22,22,3.12,yes
794,64,no,20,13,2.47,no
795,80,no,10,6,2.31,no
796,98,no,28,24,3.03,yes
797,85,no,22,5,3.07,no
798,97,no,20,13,3.12,yes
799,87,yes,21,25,2.69,yes
800,96,yes,21,19,2.3,yes
801,75,no,35,30,3.55,yes
802,85,no,33,29,2.19,yes
803,67,no,19,21,2.62,yes
804,57,no,23,23,2.14,yes
805,91,yes,14,11,2.58,yes
806,51,no,25,29,2.73,no
807,99,no,24,21,3.12,yes
808,91,no,18,10,2.61,yes
809,77,no,21,20,2.18,no
810,69,no,11,13,3.15,no
811,73,yes,35,25,2.62,yes
812,99,no,22,23,3.17,yes
813,95,no,28,26,2.55,yes
814,90,no,20,10,2.33,yes
815,93,no,23,27,2.52,yes
816,72,no,23,22,2.37,yes
817,44,no,24,24,3.08,no
818,94,no,20,19,2.09,yes
819,87,no,15,11,2.98,no
820,79,no,21,15,2.74,yes
821,99,no,19,22,2,yes
822,51,no,23,28,3.13,yes
823,89,no,27,21,2.71,yes
824,64,no,19,18,2.36,no
825,82,no,23,16,2.39,yes
826,69,no,17,17,2.75,no
827,72,no,26,30,2.77,yes
828,74,no,28,30,2.66,yes
829,95,no,30,36,2.86,yes
830,90,no,16,10,2.27,yes
831,78,no,23,25,2.41,yes
832,91,no,18,13,2.9,yes
833,91,no,23,31,2.78,yes
834,87,no,23,22,2.22,yes
835,88,no,31,36,3.53,yes
836,96,no,20,18,2.09,yes
837,67,no,28,23,3.06,yes
838,98,no,27,25,2.53,yes
839,62,no,26,33,3.59,yes
840,82,no,27,36,3.31,yes
841,75,no,17,16,2.47,no
842,84,no,22,17,2.95,yes
843,75,no,17,15,2.16,no
844,79,yes,14,17,2.89,yes
845,68,no,20,14,2.11,no
846,82,no,26,26,3.23,yes
847,87,no,23,17,3.39,yes
848,83,no,23,27,3.14,yes
849,82,no,26,35,2.65,yes
850,73,no,28,23,3.42,yes
851,88,no,29,24,2.5,yes
852,96,no,27,32,2.99,yes
853,85,no,14,7,2.67,no
854,68,no,25,25,2.45,yes
855,82,no,24,30,3.44,yes
856,55,no,29,35,2.92,yes
857,89,no,18,12,2.16,no
858,98,yes,31,23,3.77,yes
859,84,no,27,21,4,yes
860,90,no,23,17,2.43,yes
861,76,no,19,19,2.88,no
862,99,no,19,17,2.83,yes
863,89,no,24,22,3.73,yes
864,92,no,19,21,2.21,yes
865,95,no,29,23,2.68,yes
866,91,no,20,17,2.32,yes
867,78,no,21,19,2.68,no
868,74,no,19,12,2.17,no
869,96,no,19,10,2.09,yes
870,88,no,24,25,2.65,yes
871,96,yes,28,21,3.51,yes
872,98,no,25,21,4,yes
873,86,yes,20,21,3.38,yes
874,63,no,22,22,2.08,yes
875,86,no,21,23,2.86,yes
876,88,yes,26,23,2.02,yes
877,90,no,21,25,3.1,yes
878,92,yes,21,20,2.95,yes
879,49,no,25,28,2.79,yes
880,78,no,18,18,4,yes
881,90,no,31,27,3.62,yes
882,99,no,20,14,2.27,yes
883,92,no,22,23,2.8,yes
884,61,no,32,28,2,yes
885,53,no,22,21,3.59,no
886,66,no,23,26,3.28,yes
887,72,no,26,34,3.01,yes
888,73,no,16,11,2.06,yes
889,59,no,22,23,2.45,no
890,76,no,19,14,2.53,no
891,64,no,22,25,2.83,yes
892,48,no,21,25,3.07,no
893,90,no,35,36,2.05,yes
894,78,no,25,28,2.67,yes
895,59,no,30,36,3.87,yes
896,49,no,28,24,3.4,no
897,69,no,21,21,2.62,yes
898,82,no,19,12,3.42,no
899,88,no,30,27,3.39,yes
900,85,yes,10,10,2.75,no
901,94,no,22,21,2.4,yes
902,93,no,26,27,3.21,yes
903,98,no,20,22,2.23,yes
904,81,no,29,24,3.04,yes
905,59,no,22,15,3.25,yes
906,94,no,21,26,2.83,yes
907,73,yes,26,26,3.77,yes
908,93,no,24,16,3.41,yes
909,85,no,23,24,3.94,yes
910,82,no,20,22,2.26,yes
911,76,no,21,10,3.07,yes
912,91,no,11,17,2.28,yes
913,50,no,25,14,2.88,no
914,59,yes,20,14,2.24,no
915,87,no,24,20,4,yes
916,96,yes,18,12,2.27,no
917,74,no,14,13,3.64,no
918,79,no,16,8,2.09,no
919,72,no,24,18,2.29,no
920,80,no,16,13,2.52,yes
921,85,no,14,13,3.8,yes
922,65,no,21,22,2.61,yes
923,79,no,21,17,4,yes
924,97,no,25,29,2.97,yes
925,58,no,20,12,2.07,no
926,79,no,15,19,3.17,yes
927,76,no,19,8,3.01,no
928,76,yes,28,26,3.54,yes
929,80,no,21,18,2.95,yes
930,58,no,29,33,4,yes
931,89,no,29,26,2.45,yes
932,69,no,22,23,3.07,yes
933,89,no,22,29,3.47,yes
934,64,no,17,19,2.59,yes
935,59,no,31,23,3.06,yes
936,88,no,31,29,3.23,yes
937,56,no,22,20,2.66,yes
938,67,no,23,22,2.85,yes
939,75,no,15,18,2.69,yes
940,82,no,19,21,2.42,no
941,91,no,22,21,3.05,yes
942,86,no,20,19,2.54,yes
943,97,no,29,21,2.39,yes
944,92,no,27,31,3.66,yes
945,86,no,21,26,2.16,yes
946,97,no,17,25,3.24,yes
947,86,no,26,24,3.8,yes
948,85,no,24,14,2.05,yes
949,83,no,22,24,2.95,yes
950,79,no,23,21,2.2,yes
951,100,yes,18,16,2.07,yes
952,84,no,21,17,2.71,yes
953,92,no,27,25,3.33,yes
954,90,no,29,29,3.76,yes
955,59,no,23,23,3.13,yes
956,69,no,26,28,4,yes
957,75,no,25,32,4,yes
958,75,no,17,18,2.24,yes
959,79,no,20,19,2.28,no
960,94,no,24,25,2.17,yes
961,97,no,17,24,3.3,yes
962,48,no,26,31,3.08,yes
963,88,no,25,22,2.73,yes
964,81,no,18,21,2.8,yes
965,81,no,15,15,3.03,no
966,79,no,26,21,2.49,yes
967,94,no,18,10,2.74,yes
968,56,no,24,20,3.42,yes
969,91,yes,19,17,2.34,yes
970,39,no,20,21,4,no
971,87,no,24,22,3.89,yes
972,76,no,21,20,3.21,yes
973,66,no,25,25,3.61,yes
974,40,no,26,25,2.08,no
975,84,no,24,26,3.51,yes
976,92,no,25,31,2.9,yes
977,84,no,17,19,3.29,yes
978,87,yes,27,23,3.84,yes
979,76,no,25,20,2.2,yes
980,69,no,15,10,2.38,no
981,67,yes,10,3,3.69,no
982,94,no,18,14,2.79,no
983,85,no,20,14,2.96,yes
984,97,no,28,21,2.53,yes
985,62,no,23,32,3.13,yes
986,52,no,29,27,4,yes
987,60,no,14,12,2.52,no
988,84,no,20,15,2.21,yes
989,91,no,26,23,2.5,yes
990,92,no,22,23,3.03,yes
991,94,no,22,13,2.05,yes
992,66,no,30,28,2.41,yes
993,70,no,23,15,3.29,no
994,74,no,19,24,2.53,yes
995,95,no,27,26,4,yes
996,92,no,29,23,4,yes
997,93,no,17,22,2.29,yes
998,94,no,20,22,2.34,yes
999,82,no,16,21,2.11,no
1000,87,no,29,31,4,yes
1001,68,no,14,11,2.8,yes
1002,85,no,20,20,2.94,yes
1003,65,no,18,26,2.16,no
1004,84,no,19,17,2.6,yes
1005,72,yes,24,29,3.95,yes
1006,93,no,28,36,3.87,yes
1007,60,yes,22,23,2.86,no
1008,81,no,18,17,2.23,no
1009,89,no,20,11,2.25,no
1010,80,no,23,25,3.02,yes
1011,88,no,20,6,2.46,no
1012,88,no,18,23,2.95,yes
1013,80,no,19,28,2.37,yes
1014,97,no,19,23,2.38,yes
1015,88,no,19,25,3.35,yes
1016,51,no,36,36,2.52,yes
1017,97,no,23,15,3.3,yes
1018,72,no,14,16,2.5,yes
1019,60,no,13,5,3.62,no
1020,85,no,20,20,2.8,yes
1021,89,no,20,15,3.71,yes
1022,89,no,17,18,2.72,yes
1023,68,no,25,27,2.79,yes
1024,82,no,26,36,3.93,yes
1025,69,no,22,12,3.47,no
1026,71,no,24,25,2.78,yes
1027,69,no,26,32,2.32,yes
1028,82,no,20,19,2.78,yes
1029,69,no,16,12,2.88,no
1030,75,no,24,21,2.69,yes
1031,91,no,21,28,2.27,yes
1032,90,no,22,22,2.6,yes
1033,81,no,14,5,2.53,no
1034,77,yes,19,19,2.84,yes
1035,92,no,18,22,3.09,yes
1036,76,no,17,14,2.29,no
1037,89,no,15,13,2.87,yes
1038,77,no,23,18,2.34,yes
1039,66,no,14,14,3.12,no
1040,88,yes,24,21,3.67,yes
1041,87,no,21,19,2.37,yes
1042,74,no,20,21,3.24,no
1043,94,no,30,28,3.14,yes
1044,73,yes,14,11,2.57,no
1045,49,no,21,17,2.58,no
1046,75,no,26,19,2.38,yes
1047,71,no,23,28,2.68,yes
1048,99,no,25,30,3.12,yes
1049,100,no,27,24,2.7,yes
1050,90,no,19,21,3.46,yes
1051,60,no,24,20,3.23,yes
1052,94,no,28,31,3.06,yes
1053,70,no,23,26,2.24,yes
1054,82,yes,28,34,3.73,yes
1055,84,no,23,17,3.89,yes
1056,83,no,18,19,2.76,yes
1057,77,no,26,28,3.75,yes
1058,83,no,21,15,2.8,yes
1059,76,yes,24,22,2.11,yes
1060,90,no,25,16,2.33,yes
1061,73,no,22,23,3.27,yes
1062,77,no,24,23,3.45,yes
1063,83,no,27,19,3.2,yes
1064,80,no,24,14,2.95,yes
1065,95,no,23,23,3.2,yes
1066,70,no,25,18,2.94,no
1067,96,no,23,19,2.68,yes
1068,98,no,25,29,3.38,yes
1069,43,no,24,29,2.02,no
1070,49,no,18,20,3.87,yes
1071,60,no,13,13,3.81,no
1072,62,no,23,31,3.51,yes
1073,99,no,21,20,3.88,yes
1074,91,no,11,9,2.03,no
1075,71,no,21,24,2.07,yes
1076,58,no,24,25,2.79,yes
1077,83,no,27,30,3.44,yes
1078,73,no,25,28,2.45,yes
1079,88,no,14,12,2.82,no
1080,48,no,20,24,2.8,no
1081,58,no,26,24,3.08,yes
1082,73,no,19,6,2.89,no
1083,83,no,13,12,2.95,no
1084,87,no,25,17,2.03,yes
1085,93,no,27,27,3.17,yes
1086,65,no,14,6,2.16,no
1087,76,no,19,25,2.19,yes
1088,74,no,18,16,2.31,yes
1089,89,no,21,26,4,yes
1090,89,no,23,19,2.37,yes
1091,70,no,18,18,2.28,yes
1092,75,no,23,26,3.14,yes
1093,90,no,26,16,2.05,yes
1094,68,no,25,22,2.63,no
1095,70,no,23,25,2.16,yes
1096,96,no,25,15,3,yes
1097,79,no,22,25,2.41,yes
1098,80,no,17,8,2.6,yes
1099,86,no,26,26,3.03,yes
1100,84,no,23,22,3.78,yes
1101,83,no,22,13,2.99,no
1102,80,no,25,26,3.82,yes
1103,84,no,22,28,2.08,yes
1104,90,no,18,15,3.33,yes
1105,89,no,23,25,3.04,yes
1106,87,no,23,21,3.27,yes
1107,70,no,32,31,4,yes
1108,95,no,19,17,3.54,yes
1109,90,no,28,36,2.67,yes
1110,57,no,22,18,2.96,no
1111,83,no,23,20,3.14,yes
1112,78,no,18,20,2.36,yes
1113,71,no,22,29,3.69,yes
1114,56,no,20,23,3.15,yes
1115,85,no,24,9,2.49,yes
1116,78,yes,16,12,3.15,yes
1117,100,no,16,11,2.42,yes
1118,72,no,16,8,2.87,no
1119,92,no,28,29,2.67,yes
1120,99,no,10,5,2.52,no
1121,77,no,23,24,2.88,yes
1122,68,no,19,30,3.74,yes
1123,92,no,26,26,2.21,yes
1124,91,no,19,19,3.04,yes
1125,55,no,20,19,4,no
1126,95,no,18,22,2.55,yes
1127,79,no,24,16,2.72,yes
1128,87,no,12,16,2.89,yes
1129,59,no,16,13,2.29,no
1130,87,no,27,30,3.78,yes
1131,51,no,13,7,2.65,no
1132,82,no,22,13,2.95,yes
1133,80,yes,22,27,3.22,yes
1134,43,no,20,20,2.95,no
1135,64,yes,23,16,2.8,no
1136,82,yes,23,19,2.35,yes
1137,79,no,24,35,2.49,yes
1138,51,no,27,29,2.53,yes
1139,90,no,20,17,2.43,yes
1140,90,no,23,27,3.69,yes
1141,76,no,17,13,2.66,no
1142,92,no,19,25,2.23,yes
1143,90,no,25,23,2.78,yes
1144,78,no,25,22,3.06,yes
1145,82,no,18,10,2.5,no
1146,84,no,9,15,2.35,no
1147,75,no,33,27,3.44,yes
1148,62,no,25,22,3.85,yes
1149,97,no,15,14,3.27,yes
1150,79,no,21,18,3.01,yes
1151,83,no,22,21,2.65,yes
1152,79,no,26,26,3.19,yes
1153,77,no,26,26,2.78,yes
1154,84,no,22,19,3.35,yes
1155,97,no,27,28,3.34,yes
1156,88,no,24,16,2.63,yes
1157,88,no,22,22,3.29,yes
1158,92,no,22,15,3.48,yes
1159,89,no,18,25,2.25,yes
1160,73,no,26,27,2.75,yes
1161,95,no,22,18,2.92,yes
1162,64,no,13,5,3.27,no
1163,64,no,22,32,3.71,yes
1164,94,no,15,14,2.23,yes
1165,82,no,22,24,3.81,yes
1166,93,yes,27,23,2.98,yes
1167,97,no,30,28,2.53,yes
1168,86,no,27,23,4,yes
1169,86,no,26,28,2.95,yes
1170,74,yes,16,20,3.13,no
1171,41,no,25,15,3.53,no
1172,60,no,27,28,2.66,yes
1173,90,no,26,26,3.12,yes
1174,83,no,24,29,3.14,yes
1175,86,no,11,10,2.08,no
1176,82,no,20,22,2.11,yes
1177,48,no,26,27,3.16,no
1178,81,no,21,14,2.9,no
1179,72,no,21,19,2.71,no
1180,96,yes,21,18,2.32,yes
1181,53,no,25,22,2.05,no
1182,69,no,33,33,3.41,yes
1183,99,no,29,28,3.86,yes
1184,78,no,25,15,3.02,yes
1185,95,no,20,12,2.22,yes
1186,93,no,21,23,3.06,yes
1187,85,no,26,27,2.65,yes
1188,60,no,17,20,3.07,yes
1189,92,no,15,14,2.66,yes
1190,80,no,24,20,2.55,yes
1191,86,no,21,22,2.79,yes
1192,75,no,14,13,2.18,yes
1193,76,no,18,18,2.69,yes
1194,79,yes,28,23,3.5,yes
1195,81,no,21,17,2.45,yes
1196,92,no,34,28,3.23,yes
1197,81,no,27,32,2.27,yes
1198,54,no,18,22,2.42,no
1199,70,yes,24,24,2.74,yes
1200,95,no,14,15,2.27,yes
1201,97,no,27,21,3.35,yes
1202,82,no,18,20,2.99,yes
1203,67,no,22,23,2.99,yes
1204,94,no,23,30,2.93,yes
1205,87,no,21,19,2.83,yes
1206,96,no,21,21,2.5,yes
1207,85,no,29,28,2.36,yes
1208,51,no,19,27,2.79,no
1209,75,no,18,18,2.53,yes
1210,83,no,31,32,2.9,yes
1211,94,no,20,16,2.31,yes
1212,87,no,17,11,2.15,no
1213,71,no,30,24,3.16,yes
1214,94,no,14,20,2.38,no
1215,59,no,26,22,3.31,yes
1216,77,no,24,14,2.84,yes
1217,63,no,25,24,3.75,yes
1218,62,no,17,17,2.36,no
1219,73,no,17,28,2.31,yes
1220,97,no,20,29,2.05,yes
1221,46,no,20,17,2.64,no
1222,70,no,24,24,3.01,yes
1223,63,no,19,18,2.47,no
1224,46,no,18,20,2.81,no
1225,82,no,21,23,4,yes
1226,74,no,18,14,3.06,yes
1227,79,no,27,26,2.63,yes
1228,65,yes,12,9,3.35,no
1229,87,no,25,16,3.08,yes
1230,94,no,22,21,2.61,yes
1231,99,no,19,18,2.76,yes
1232,86,no,22,16,3.42,yes
1233,86,no,14,16,2.85,yes
1234,89,no,16,16,3.84,yes
1235,64,no,20,18,2.56,no
1236,89,no,23,15,3.07,yes
1237,91,yes,25,36,2.18,yes
1238,95,no,24,18,2.22,yes
1239,89,yes,23,26,3.61,yes
1240,86,no,20,17,2.29,yes
1241,89,yes,12,16,2.1,no
1242,79,no,16,22,2.78,no
1243,95,no,26,21,3.57,yes
1244,87,no,20,13,3.26,yes
1245,58,yes,15,12,2.8,no
1246,87,no,21,15,2.94,yes
1247,86,no,21,26,2.72,yes
1248,95,no,25,21,2.92,yes
1249,95,yes,25,30,3.46,yes
1250,91,no,14,15,2.48,yes
1251,75,no,22,14,2.91,no
1252,77,no,24,19,3.44,yes
1253,80,no,27,34,2.66,yes
1254,64,no,18,14,2.76,no
1255,59,no,23,19,2.11,no
1256,72,no,16,11,2.99,no
1257,79,no,23,26,2.9,yes
1258,88,no,22,26,3.02,yes
1259,81,no,20,23,3.03,yes
1260,89,no,25,20,2.31,yes
1261,96,no,27,23,2.12,yes
1262,94,no,25,25,3.11,yes
1263,51,no,18,11,2.6,no
1264,78,no,20,18,3.1,no
1265,59,no,22,22,2.47,no
1266,96,no,19,14,2.17,yes
1267,78,no,20,22,2.81,yes
1268,83,no,20,20,3.01,yes
1269,76,no,14,22,2.62,yes
1270,72,no,29,26,3.45,yes
1271,92,no,18,19,3,yes
1272,59,no,22,26,2.24,yes
1273,82,yes,22,29,2.71,yes
1274,79,no,19,25,2.47,yes
1275,75,no,12,8,2.15,no
1276,95,no,21,28,2.29,yes
1277,79,no,20,11,3.46,yes
1278,91,no,23,16,3.95,yes
1279,89,no,23,19,4,yes
1280,81,no,10,0,2.21,no
1281,93,no,19,13,3.72,yes
1282,76,no,31,23,2.31,yes
1283,91,no,27,25,3.8,yes
1284,86,no,27,27,3.63,yes
1285,69,yes,19,17,2.33,yes
1286,91,no,26,26,2.67,yes
1287,92,no,22,34,3.95,yes
1288,63,no,17,21,2.93,no
1289,93,no,19,13,2.4,yes
1290,92,no,33,34,2.59,yes
1291,99,no,16,14,2.89,yes
1292,90,no,21,18,2.62,yes
1293,95,no,19,16,2.03,yes
1294,78,no,24,25,3.39,yes
1295,83,no,19,21,2.56,no
1296,89,no,23,27,3.25,yes
1297,48,no,21,30,3.1,yes
1298,64,no,21,18,2.14,no
1299,96,no,24,24,2.68,yes
1300,84,no,20,9,2.71,no
1301,68,no,14,22,2.78,no
1302,79,no,28,34,2.78,yes
1303,84,no,29,29,2.93,yes
1304,90,no,28,24,3.01,yes
1305,67,no,26,13,2.46,yes
1306,65,yes,20,19,2.2,yes
1307,83,no,26,35,2.18,yes
1308,65,no,17,6,2.13,no
1309,82,no,19,7,3.7,yes
1310,62,no,25,19,2.88,yes
1311,70,no,19,15,2.42,yes
1312,76,no,25,21,2.37,yes
1313,96,no,21,19,2.8,yes
1314,95,no,26,29,3.49,yes
1315,88,no,20,19,2.74,yes
1316,56,no,29,28,2.74,yes
1317,79,no,25,22,3.36,yes
1318,77,no,25,31,2.09,yes
1319,76,no,19,19,2.56,yes
1320,59,no,24,21,4,no
1321,83,yes,22,14,2.75,yes
1322,92,no,24,10,3.31,yes
1323,90,no,17,19,2.14,yes
1324,95,no,25,19,3.62,yes
1325,78,yes,20,15,4,yes
1326,93,no,24,24,2.33,yes
1327,81,no,21,25,2.84,yes
1328,97,no,20,13,2.66,yes
1329,81,no,19,16,2.18,no
1330,100,no,20,24,2.09,yes
1331,59,no,21,31,3.33,yes
1332,88,yes,22,20,3.81,yes
1333,95,no,21,23,2.72,yes
1334,95,no,27,23,2.75,yes
1335,92,no,20,20,3.06,yes
1336,90,no,18,18,2.26,yes
1337,67,no,20,15,4,no
1338,96,no,28,29,2.62,yes
1339,62,no,27,25,3.55,yes
1340,93,no,21,34,2.12,yes
1341,82,no,19,27,2.37,yes
1342,88,no,24,17,2.17,no
1343,65,yes,24,19,2.63,no
1344,79,no,21,25,2.6,yes
1345,86,no,20,11,2.62,yes
1346,63,no,23,24,3.29,no
1347,87,no,27,16,2,yes
1348,92,no,27,29,3.27,yes
1349,56,no,28,25,4,yes
1350,81,no,21,26,3.25,yes
1351,70,no,23,19,2.73,yes
1352,96,no,22,20,2.45,yes
1353,96,yes,21,16,2.58,yes
1354,82,no,17,14,2.19,yes
1355,53,no,17,21,3.66,no
1356,79,no,26,29,2.93,yes
1357,52,no,19,22,2.15,no
1358,85,no,14,15,2.99,yes
1359,65,no,20,22,2.17,no
1360,96,no,19,22,2.16,yes
1361,88,no,36,36,3.08,yes
1362,62,no,19,24,2.45,yes
1363,85,no,20,11,2.94,yes
1364,85,no,19,17,2.33,yes
1365,68,no,21,24,2.38,no
1366,86,no,28,27,3.35,yes
1367,87,no,28,28,2.9,yes
1368,84,no,25,20,3.13,yes
1369,88,no,24,31,2.86,yes
1370,90,yes,20,27,2.77,yes
1371,79,no,23,30,3.45,yes
1372,97,no,30,25,2.98,yes
1373,62,yes,22,26,2.68,no
1374,80,no,24,21,4,yes
1375,81,no,29,24,3.02,yes
1376,83,no,19,4,2.97,no
1377,79,no,31,33,3.97,yes
1378,66,no,13,8,3.76,no
1379,55,no,29,24,3.04,yes
1380,72,no,21,13,3.29,no
1381,85,no,22,15,3.64,yes
1382,77,no,24,20,2.78,yes
1383,84,no,22,20,2.63,yes
1384,100,no,19,27,2.71,yes
1385,48,no,22,14,2.16,no
1386,59,no,29,36,3.02,yes
1387,86,no,25,23,2.39,yes
1388,59,no,16,8,3.08,no
1389,60,no,19,27,2.35,yes
1390,99,no,26,30,3.93,yes
1391,85,no,21,33,2.31,yes
1392,93,yes,24,14,2.9,yes
1393,75,no,13,10,2.8,no
1394,83,no,16,22,2.15,yes
1395,75,no,17,18,2.38,no
1396,75,no,31,32,3.39,yes
1397,80,no,23,28,2.78,yes
1398,62,no,18,18,3.32,no
1399,50,no,25,28,2.61,yes
1400,65,no,24,29,2.56,yes
1401,52,no,23,10,3.16,no
1402,97,no,21,21,2.75,yes
1403,81,yes,31,34,2.89,yes
1404,82,no,24,27,3.72,yes
1405,60,no,28,25,3.31,yes
1406,80,no,25,19,2.92,yes
1407,84,no,14,13,2.7,yes
1408,83,no,29,19,2.49,yes
1409,94,no,23,19,2.92,yes
1410,71,no,28,25,3.48,yes
1411,97,no,16,13,3.24,yes
1412,94,no,24,25,2.06,yes
1413,87,no,14,8,2.81,no
1414,60,no,15,27,2.77,yes
1415,80,no,22,15,2.31,yes
1416,49,yes,24,26,2.82,yes
1417,82,yes,18,10,2.87,no
1418,76,no,25,25,2.95,yes
1419,85,no,20,18,2.84,yes
1420,81,no,26,20,3.11,yes
1421,92,no,25,22,2.71,yes
1422,98,no,9,8,3.63,yes
1423,83,no,21,20,3.32,yes
1424,86,no,20,20,2.51,yes
1425,77,no,17,14,2.47,no
1426,79,no,23,22,3.29,yes
1427,87,no,17,21,2.27,yes
1428,75,no,15,18,2.25,no
1429,45,no,29,24,3.58,yes
1430,72,yes,22,30,2.48,yes
1431,91,no,21,15,2.76,yes
1432,48,no,29,29,3.06,yes
1433,54,no,21,22,2.51,no
1434,73,no,22,22,2.07,yes
1435,79,no,31,24,2.52,yes
1436,52,no,19,23,2.75,no
1437,100,yes,29,34,4,yes
1438,94,no,26,25,3.51,yes
1439,97,no,26,28,2.75,yes
1440,99,no,22,19,2.8,yes
1441,72,no,22,16,3.92,yes
1442,79,no,15,18,2.95,yes
1443,81,no,28,21,3.45,yes
1444,89,yes,31,34,3.33,yes
1445,95,no,22,29,2.54,yes
1446,83,yes,28,25,2.56,yes
1447,78,no,23,20,2.77,yes
1448,86,no,21,12,2.33,no
1449,84,yes,21,19,3.03,yes
1450,77,no,25,30,3.93,yes
1451,98,no,29,36,3.78,yes
1452,100,no,24,28,2.56,yes
1453,46,no,17,17,3.02,no
1454,81,no,22,22,2.29,yes
1455,62,no,24,19,2.55,yes
1456,64,no,20,22,2.11,no
1457,95,no,21,15,2.71,yes
1458,83,no,24,21,2.44,yes
1459,91,no,32,23,3.34,yes
1460,62,yes,19,12,2.65,no
1461,92,no,21,16,2.03,no
1462,86,no,22,26,3.5,yes
1463,66,no,19,17,2.24,yes
1464,75,no,25,24,2.82,yes
1465,86,no,22,18,3.52,yes
1466,82,no,18,7,2.48,yes
1467,83,yes,20,25,2.14,yes
1468,97,no,22,17,2.27,yes
1469,56,yes,30,28,3.9,yes
1470,78,no,26,19,3.03,yes
1471,90,no,21,21,3.04,yes
1472,83,no,19,12,3.38,no
1473,47,no,24,25,2.96,no
1474,78,yes,17,23,3.14,yes
1475,66,no,17,20,2.92,yes
1476,80,yes,17,16,2.29,yes
1477,82,no,25,31,3.87,yes
1478,93,no,17,12,2.98,yes
1479,79,no,16,16,2.39,yes
1480,93,no,25,20,2.99,yes
1481,73,no,18,24,2.67,yes
1482,50,no,25,25,2.23,yes
1483,68,yes,18,15,3.38,no
1484,87,no,27,28,2.75,yes
1485,78,no,22,22,3.09,yes
1486,80,no,18,22,2.91,no
1487,69,no,27,18,3.27,yes
1488,90,no,21,20,4,yes
1489,85,no,20,23,2.49,yes
1490,98,no,21,25,3.08,yes
1491,85,no,27,19,2.61,yes
1492,96,no,20,12,2.42,yes
1493,88,no,30,22,3.53,yes
1494,75,no,20,23,3.19,yes
1495,50,no,22,21,3.33,no
1496,69,no,24,18,3.11,yes
1497,45,no,21,21,2.29,no
1498,71,no,29,22,2.54,yes
1499,72,no,13,6,2.46,no
1500,64,no,30,22,2.79,yes
1501,72,no,20,16,3.49,yes
1502,84,no,28,24,2.38,yes
1503,55,no,21,18,2.56,no
1504,92,yes,22,33,3.4,yes
1505,78,no,24,17,3.81,yes
1506,92,no,26,32,3.3,yes
1507,83,yes,20,14,2.87,yes
1508,87,no,22,19,3.29,yes
1509,92,no,24,18,3.46,yes
1510,87,no,25,22,3.53,yes
1511,96,no,29,32,3.93,yes
1512,85,no,31,27,4,yes
1513,83,no,22,12,2.22,yes
1514,68,no,23,17,2.74,no
1515,90,no,14,18,2.4,yes
1516,70,yes,28,24,3.22,yes
1517,99,no,24,25,3.43,yes
1518,48,no,18,27,2.2,no
1519,80,no,25,25,2.04,yes
1520,68,no,16,13,2.08,no
1521,99,no,27,22,3.86,yes
1522,69,no,16,17,2.33,no
1523,37,no,24,21,2.8,no
1524,90,no,24,25,3.99,yes
1525,99,no,18,13,3.53,yes
1526,57,no,31,29,3.15,yes
1527,70,no,24,28,3.76,yes
1528,61,no,17,24,2.92,no
1529,83,no,22,23,3.11,yes
1530,92,no,20,7,2.59,yes
1531,66,no,10,5,2.06,no
1532,89,no,15,9,2.87,no
1533,94,no,22,29,3.3,yes
1534,75,no,20,17,3.02,no
1535,62,no,28,22,3.94,yes
1536,45,yes,20,12,2.91,no
1537,92,no,21,22,3.28,yes
1538,72,no,21,21,2.7,yes
1539,84,no,24,23,2.93,yes
1540,64,no,13,14,2.6,no
1541,65,no,25,27,3.22,yes
1542,84,no,24,22,3.24,yes
1543,96,no,22,16,2.13,yes
1544,91,no,22,20,3.67,yes
1545,82,no,18,24,2.45,no
1546,89,no,27,22,3.17,yes
1547,100,no,18,19,3,yes
1548,73,no,21,28,2,yes
1549,92,no,23,16,2.46,yes
1550,85,no,24,13,3.13,yes
1551,92,no,27,15,3.03,yes
1552,83,no,18,19,2.48,yes
1553,68,no,28,31,3.78,yes
1554,100,no,21,16,3.1,yes
1555,83,no,22,24,2.57,yes
1556,96,no,25,17,2.04,yes
1557,95,no,25,21,2.76,yes
1558,97,no,19,18,2.31,yes
1559,99,no,32,36,4,yes
1560,74,no,16,8,3.1,no
1561,91,no,22,20,2.51,yes
1562,76,no,28,22,2.84,yes
1563,90,yes,28,25,2.77,yes
1564,80,no,21,17,3.62,yes
1565,60,no,24,27,3.33,yes
1566,67,no,21,29,3.48,yes
1567,75,yes,16,9,2.63,no
1568,82,no,22,19,2.67,yes
1569,65,no,22,20,2.4,no
1570,71,no,21,18,2.81,no
1571,43,no,18,10,3.81,no
1572,82,no,21,20,2.11,yes
1573,62,no,23,23,2.52,yes
1574,80,no,24,24,3.3,yes
1575,88,no,23,13,3.71,yes
1576,66,yes,18,7,2.89,no
1577,87,no,22,30,2.39,yes
1578,59,yes,14,9,2.06,no
1579,93,no,18,23,2.45,yes
1580,99,no,21,15,3.32,yes
1581,88,no,22,22,2.6,yes
1582,90,no,28,23,3.32,yes
1583,55,no,13,8,2.48,no
1584,97,no,27,22,3.42,yes
1585,62,no,32,27,3.27,yes
1586,90,no,24,18,3.09,yes
1587,78,no,29,25,4,yes
1588,78,no,23,30,3.48,yes
1589,84,no,32,35,4,yes
1590,80,no,24,25,2.45,yes
1591,64,no,30,30,2.85,yes
1592,83,no,13,16,2.73,no
1593,78,no,20,23,3.87,yes
1594,98,no,19,21,4,yes
1595,78,no,17,16,2.36,yes
1596,84,no,27,27,3.17,yes
1597,63,no,22,19,3.64,yes
1598,82,no,30,26,2.24,yes
1599,97,no,23,23,2.17,yes
1600,89,no,33,30,3,yes
1601,60,no,23,28,3.63,yes
1602,88,no,20,14,2.1,no
1603,92,no,20,20,2.29,yes
1604,91,no,23,26,2.25,yes
1605,76,no,25,20,3.46,yes
1606,77,yes,25,18,2.76,yes
1607,49,no,22,22,3.29,no
1608,79,yes,15,20,2.12,yes
1609,64,no,32,36,2.34,yes
1610,98,no,26,21,2.6,yes
1611,72,no,17,13,3.46,yes
1612,70,no,24,27,3.6,yes
1613,97,no,19,16,2.17,yes
1614,94,no,23,22,3.3,yes
1615,81,no,29,23,3.18,yes
1616,82,no,23,28,2.81,yes
1617,80,no,29,29,3.39,yes
1618,91,no,21,13,2.49,yes
1619,63,no,29,32,2.27,yes
1620,73,no,20,15,2.93,no
1621,87,no,18,16,2.83,yes
1622,90,no,26,28,3.21,yes
1623,57,yes,27,20,2.35,yes
1624,44,no,20,18,2.91,no
1625,70,no,28,28,3,yes
1626,85,no,23,28,3.34,yes
1627,64,yes,29,26,3,yes
1628,89,no,26,25,2.29,yes
1629,68,no,23,16,2.83,no
1630,51,no,19,31,4,yes
1631,82,no,31,24,3.89,yes
1632,81,no,19,12,2.27,yes
1633,76,no,20,25,2.94,yes
1634,92,no,25,25,2.6,yes
1635,77,no,15,10,2.35,yes
1636,91,no,22,20,2.14,yes
1637,98,no,27,21,2.85,yes
1638,84,no,20,20,2.34,no
1639,91,no,17,16,2.94,yes
1640,69,no,20,25,2.45,yes
1641,85,no,22,19,2.44,yes
1642,98,no,29,31,2.99,yes
1643,68,no,27,28,3.5,yes
1644,78,no,30,22,2.83,yes
1645,83,no,21,14,3.38,no
1646,80,no,24,26,2.8,yes
1647,78,yes,20,21,2.95,yes
1648,92,no,26,26,2.99,yes
1649,73,no,26,35,2.65,yes
1650,100,no,19,19,2.96,yes
1651,84,no,24,23,3.23,yes
1652,69,no,22,10,2.92,no
1653,75,no,17,23,2.13,no
1654,82,no,18,16,2.55,yes
1655,91,no,24,36,2.4,yes
1656,79,no,30,24,2.94,yes
1657,100,no,17,11,2.71,yes
1658,54,no,23,21,3.34,no
1659,96,no,18,16,3.21,yes
1660,84,no,22,25,3.39,yes
1661,78,no,20,20,4,yes
1662,76,no,23,24,3.23,yes
1663,52,no,21,17,3.18,no
1664,92,no,15,12,2.25,yes
1665,88,no,24,18,2.66,yes
1666,95,no,25,28,2.98,yes
1667,63,no,17,23,3.72,yes
1668,78,no,20,17,3.06,yes
1669,86,no,26,24,2.85,yes
1670,83,no,24,17,2.66,yes
1671,60,yes,22,24,2.7,yes
1672,77,no,18,18,2.2,yes
1673,89,no,22,16,4,yes
1674,68,no,24,30,3.73,yes
1675,80,no,21,24,2.99,yes
1676,98,no,20,31,3.63,yes
1677,98,no,22,22,2.84,yes
1678,80,no,26,27,3.24,yes
1679,69,yes,21,18,2.21,yes
1680,74,no,19,23,3.2,yes
1681,85,no,20,24,2.3,yes
1682,66,no,24,25,2.48,yes
1683,88,no,25,27,3.5,yes
1684,92,yes,21,18,2.73,yes
1685,80,no,24,23,3.24,yes
1686,84,no,31,30,3.13,yes
1687,84,no,19,13,2.39,no
1688,80,no,31,36,2.44,yes
1689,84,no,29,29,2.08,yes
1690,78,yes,29,22,3.55,yes
1691,82,no,19,7,2.91,no
1692,91,no,22,34,2.3,yes
1693,53,no,24,18,3.8,no
1694,80,yes,15,12,2.63,no
1695,84,no,21,16,3.26,yes
1696,78,no,24,25,2.63,yes
1697,72,no,31,24,3.59,yes
1698,85,no,26,19,2.45,no
1699,77,no,14,11,2.4,yes
1700,87,no,25,28,2.99,yes
1701,61,no,24,27,3.54,yes
1702,66,no,19,16,2.62,no
1703,88,no,28,23,3.14,yes
1704,97,no,26,22,2.64,yes
1705,99,no,27,27,3.27,yes
1706,95,no,19,18,2.6,yes
1707,76,no,19,8,3.41,no
1708,73,no,22,22,2.34,yes
1709,74,yes,24,26,2.14,yes
1710,85,yes,22,21,2.52,yes
1711,82,yes,30,31,2.73,yes
1712,88,yes,23,19,3.33,yes
1713,70,no,25,23,3.31,yes
1714,90,no,17,12,2.24,yes
1715,98,no,12,13,2.72,yes
1716,84,no,18,20,2.78,yes
1717,99,no,29,22,3.5,yes
1718,96,no,23,15,3.63,yes
1719,67,no,18,13,2.99,no
1720,97,no,22,23,2.62,yes
1721,83,no,21,19,2.85,yes
1722,87,no,17,15,2.05,yes
1723,78,yes,24,16,2.5,yes
1724,67,yes,18,26,2.25,no
1725,46,no,18,12,2.2,no
1726,74,no,23,28,2.26,yes
1727,88,no,18,8,2.49,yes
1728,56,no,20,9,3.82,no
1729,50,no,21,25,3.66,no
1730,99,no,19,12,2.98,yes
1731,82,no,24,15,2.47,yes
1732,95,no,29,24,3.37,yes
1733,84,no,25,19,2.93,yes
1734,82,no,22,23,2.1,yes
1735,86,no,23,17,2.47,yes
1736,79,no,22,20,2.92,yes
1737,75,no,24,19,3.09,yes
1738,78,no,20,14,2.9,no
1739,78,no,19,21,3.54,yes
1740,85,no,18,18,2.8,yes
1741,68,no,18,23,2.25,yes
1742,72,yes,16,23,3.4,yes
1743,88,no,20,24,2.81,yes
1744,63,no,30,29,2.24,yes
1745,79,no,20,19,2.77,no
1746,74,no,22,21,2.02,no
1747,83,no,21,16,2.84,yes
1748,94,no,19,16,2.65,yes
1749,74,no,26,24,2.58,yes
1750,89,no,20,21,3.93,yes
1751,77,no,22,31,3.47,yes
1752,77,no,19,16,3.68,yes
1753,91,no,20,14,2.79,yes
1754,77,no,13,8,3.89,no
1755,92,no,17,13,2.12,yes
1756,68,no,23,20,3.73,yes
1757,99,no,23,22,2.61,yes
1758,98,no,18,21,2.9,yes
1759,100,no,18,15,3.26,yes
1760,90,no,18,16,2.8,yes
1761,91,no,14,8,3.16,yes
1762,85,yes,19,17,3.06,yes
1763,66,no,17,11,2.95,no
1764,82,no,27,25,2.94,yes
1765,81,no,18,16,2.44,yes
1766,71,no,20,18,2.12,no
1767,90,no,27,26,3.25,yes
1768,90,no,21,22,3.6,yes
1769,82,no,26,28,2.51,yes
1770,92,no,20,21,2.15,yes
1771,80,no,18,20,2.87,yes
1772,79,yes,27,26,2.59,yes
1773,75,no,18,20,3.84,yes
1774,41,no,19,27,2.72,no
1775,87,no,21,20,3.34,yes
1776,75,no,27,30,2.96,yes
1777,87,no,20,12,2.24,yes
1778,84,yes,21,11,2.08,yes
1779,84,yes,29,31,3.25,yes
1780,89,no,36,36,3.67,yes
1781,66,no,24,23,3.36,yes
1782,63,yes,23,25,4,yes
1783,78,no,25,34,2.89,yes
1784,96,no,24,14,3.03,yes
1785,92,yes,20,17,2.75,yes
1786,65,no,23,21,2.95,no
1787,87,yes,19,15,2.98,yes
1788,67,no,21,26,2.68,yes
1789,94,yes,24,26,2.95,yes
1790,77,no,22,30,2.99,yes
1791,52,no,19,16,2.12,no
1792,98,yes,24,23,3.66,yes
1793,70,no,21,26,2.85,yes
1794,97,no,18,16,2.97,yes
1795,79,no,28,29,3.23,yes
1796,85,no,19,12,2.81,yes
1797,73,no,31,30,2.9,yes
1798,63,no,27,33,3.09,yes
1799,66,no,24,20,2.17,yes
1800,89,no,17,12,3.17,yes
1801,63,no,23,23,3.39,yes
1802,86,no,29,29,2.4,yes
1803,98,no,26,27,3.8,yes
1804,73,no,28,31,3.19,yes
1805,83,no,21,16,2.35,yes
1806,64,no,20,21,2.39,no
1807,82,yes,14,16,2.25,no
1808,81,no,29,22,3.01,yes
1809,74,no,24,15,2.43,yes
1810,74,no,17,18,2.86,no
1811,88,no,19,17,3.83,yes
1812,88,yes,23,28,2.94,yes
1813,78,no,15,16,2.86,no
1814,51,no,29,25,2.79,yes
1815,81,no,27,20,2.49,yes
1816,73,no,28,26,4,yes
1817,59,no,23,22,2.97,no
1818,98,yes,24,22,2.78,yes
1819,82,no,26,27,2.45,yes
1820,80,no,23,27,2.91,yes
1821,97,no,18,17,2.53,yes
1822,68,no,23,22,2.69,yes
1823,85,yes,29,26,2.86,yes
1824,90,no,16,22,2.52,yes
1825,89,no,29,28,2.89,yes
1826,82,no,14,13,2.99,no
1827,81,no,29,25,3.5,yes
1828,99,no,19,19,2.17,yes
1829,98,no,23,23,2.7,yes
1830,56,no,18,15,2.51,no
1831,99,no,20,14,3.28,yes
1832,51,no,23,15,3.2,no
1833,70,no,16,18,3.02,no
1834,64,no,25,31,3.64,yes
1835,93,no,23,10,3.52,yes
1836,87,no,18,21,2.79,yes
1837,79,yes,23,17,2.11,no
1838,83,no,27,25,4,yes
1839,77,no,22,19,2.82,yes
1840,88,no,25,20,2.32,yes
1841,99,no,23,21,2.82,yes
1842,73,no,30,29,3.29,yes
1843,83,no,21,12,3.02,no
1844,71,no,26,25,2.42,yes
1845,61,no,18,19,3.69,no
1846,83,no,20,18,2.54,yes
1847,61,no,22,21,2.87,yes
1848,92,no,17,13,3.01,yes
1849,46,no,22,22,2.11,yes
1850,55,no,23,21,3.68,yes
1851,71,no,19,20,2.02,yes
1852,90,no,14,11,2.16,yes
1853,77,no,15,19,2.38,no
1854,90,no,22,22,2.83,yes
1855,94,no,28,22,2.98,yes
1856,58,no,11,4,3.25,no
1857,69,no,16,11,3.2,no
1858,58,yes,20,20,2.52,yes
1859,91,yes,15,20,2.42,yes
1860,83,no,24,21,2.34,yes
1861,76,no,17,24,3.34,yes
1862,98,no,20,25,4,yes
1863,89,yes,23,26,2.67,yes
1864,99,no,12,6,2.51,no
1865,84,no,17,15,2.3,no
1866,83,yes,17,15,2.62,yes
1867,83,no,16,16,2.77,yes
1868,72,no,23,20,3.23,yes
1869,73,yes,20,27,2.36,yes
1870,96,no,25,34,2.53,yes
1871,88,no,21,23,3.07,yes
1872,95,yes,25,25,2.99,yes
1873,81,no,25,29,2.9,yes
1874,57,no,23,17,2.95,yes
1875,88,no,18,18,3.43,yes
1876,66,no,23,22,3.66,yes
1877,71,no,24,24,2,yes
1878,93,no,18,24,3.8,yes
1879,90,no,22,21,2.39,yes
1880,49,no,24,28,2.79,no
1881,73,no,14,4,4,no
1882,87,no,20,28,2.52,yes
1883,56,no,20,17,3.2,no
1884,84,no,24,13,2.74,yes
1885,89,no,22,20,2.88,yes
1886,72,no,27,30,2.26,yes
1887,85,yes,24,20,2.95,yes
1888,98,no,23,19,2.01,yes
1889,61,no,22,19,2.41,no
1890,62,no,23,13,3.25,no
1891,93,no,19,13,2.25,yes
1892,85,no,22,23,3.1,yes
1893,58,no,26,21,2.89,yes
1894,71,no,22,26,2.68,yes
1895,98,no,24,32,2.27,yes
1896,80,no,21,33,2.65,yes
1897,97,no,24,9,3.07,yes
1898,82,no,24,24,2.74,yes
1899,86,no,30,25,3.11,yes
1900,85,no,9,5,2.26,no
1901,59,no,23,26,2.71,yes
1902,84,yes,21,24,4,yes
1903,91,no,29,29,2.2,yes
1904,60,no,21,17,2.72,no
1905,88,no,34,34,2.97,yes
1906,94,yes,29,21,2.34,yes
1907,99,no,25,24,4,yes
1908,84,no,22,19,3.09,yes
1909,59,no,25,30,2.01,yes
1910,53,no,21,21,3.25,no
1911,69,no,22,20,2.93,yes
1912,98,yes,16,26,2.35,yes
1913,74,no,16,7,2.43,no
1914,85,no,21,13,2.64,yes
1915,93,no,24,19,4,yes
1916,96,yes,25,26,2.29,yes
1917,92,no,15,19,3.05,yes
1918,89,no,18,16,2.6,yes
1919,63,no,25,26,4,yes
1920,83,no,17,13,2.94,no
1921,69,no,28,28,3.15,yes
1922,59,no,22,33,2.26,no
1923,94,no,13,8,2.01,yes
1924,87,no,21,22,3.35,yes
1925,73,no,23,19,2.93,yes
1926,74,no,23,26,2.32,yes
1927,91,no,23,27,2.33,yes
1928,93,no,22,22,3.62,yes
1929,64,yes,25,26,2.12,no
1930,84,no,22,14,3.33,yes
1931,52,no,31,23,3.7,no
1932,77,no,22,22,2.37,yes
1933,95,no,21,11,3.39,yes
1934,95,no,25,24,2.75,yes
1935,50,no,25,27,2.32,no
1936,97,no,17,9,2.39,yes
1937,51,no,17,16,2.25,no
1938,66,no,25,26,2.84,yes
1939,63,no,19,19,2.68,no
1940,56,no,22,18,2.94,no
1941,99,no,13,8,2.83,yes
1942,99,yes,18,18,2.16,yes
1943,76,no,33,36,2.36,yes
1944,80,no,24,25,3.31,yes
1945,87,no,15,10,3.47,yes
1946,95,no,31,34,2.13,yes
1947,71,yes,21,14,2.68,yes
1948,83,no,26,34,2.15,yes
1949,79,no,26,28,2.81,yes
1950,64,no,25,26,2.28,yes
1951,86,no,25,28,2.57,no
1952,97,no,15,20,2.82,yes
1953,66,no,20,19,2.31,no
1954,89,yes,19,21,3.59,yes
1955,87,no,23,28,3.01,yes
1956,83,no,22,19,2.12,yes
1957,62,yes,22,19,2.65,yes
1958,61,no,27,31,2.83,yes
1959,86,no,18,19,2.13,yes
1960,92,no,16,14,2.18,yes
1961,66,no,22,26,3.44,yes
1962,83,yes,13,12,2.05,no
1963,94,no,17,17,3.55,yes
1964,92,no,21,20,2.73,yes
1965,65,no,18,13,3.22,no
1966,62,yes,18,16,2.96,no
1967,69,no,22,21,2.7,yes
1968,80,no,30,22,2.65,yes
1969,87,no,23,23,2.69,yes
1970,78,yes,12,14,2.8,no
1971,51,no,23,12,3.34,yes
1972,78,no,23,20,3.55,yes
1973,51,yes,17,9,2.41,no
1974,95,no,23,26,3.25,yes
1975,77,no,22,17,2.98,yes
1976,94,no,30,36,3.27,yes
1977,76,no,17,16,2.95,no
1978,96,no,21,12,2.16,yes
1979,93,no,21,21,3.24,yes
1980,74,no,19,13,2.49,yes
1981,91,no,25,24,2.56,yes
1982,50,no,19,18,3.45,no
1983,81,no,21,28,2.03,yes
1984,99,no,27,21,3.49,yes
1985,72,no,18,11,2.39,no
1986,82,no,23,28,2.25,yes
1987,86,no,21,23,2.14,yes
1988,52,no,17,17,3.86,no
1989,86,no,27,27,2.45,yes
1990,97,no,26,28,3.25,yes
1991,97,no,24,25,2.14,yes
1992,83,no,22,18,3.89,yes
1993,89,no,23,30,2.64,yes
1994,79,no,20,14,2.55,no
1995,91,no,28,32,3.67,yes
1996,95,no,22,12,3,yes
1997,94,yes,24,29,2.12,yes
1998,88,no,26,16,3.22,yes
1999,68,no,32,36,2.57,yes
2000,75,yes,25,27,2.97,yes
