Stdnt_Nbr,Answer
1,43RD_PRESIDENT
1,88562
1,BASEBALL
1,BIRD
1,BLACK
1,CAKE
1,CAR
1,CHRISTMAS
1,COMEDY
1,EAGLE
1,FOREST
1,INTERNET
1,LCD_TV
1,MATH
1,METAL
1,ORANGE
1,RUSSELLVILLE
1,SIMPSONS
1,SQUARE
1,SUMMER
2,9
2,APPLE
2,BEACH
2,BLACK
2,CAKE
2,CHICAGO
2,CHRISTMAS
2,CIRCLE
2,COMEDY
2,COUNTRY
2,CSI
2,DOG
2,FOOTBALL
2,INTERNET
2,LION
2,MATH
2,PLASMA_TV
2,PUBLIC_SPEAKING
2,TRUCK
2,WINTER
3,976431
3,ATHANS
3,BEACH
3,BLUE
3,BROWNIE
3,CHRISTMAS
3,COMEDY
3,DARK
3,DVR/TIVO
3,FOOTBALL
3,IRREGULAR
3,LION
3,METAL
3,MOTORCYCLE
3,MOVIE
3,PEACHES
3,SCIENCE
3,SMALLVILLE
3,SNAKE
3,SUMMER
4,826
4,BANANA
4,BROWNIE
4,CAT
4,CHRISTMAS
4,COMEDY
4,DVR/TIVO
4,ENGLISH
4,HOUSE
4,LAKE
4,LION
4,MUSIC
4,PINK
4,REGGAETON
4,ROME
4,SPRING
4,STAR
4,VAN
4,VOLLEYBALL
4,WATER
5,3
5,ACTION
5,AMERICAN_IDOL
5,APPLE
5,ART
5,BEACH
5,CANDY
5,CAR
5,CAT
5,CHRISTMAS
5,CIRCLE
5,ELEPHANT
5,FOOTBALL
5,GREEN
5,INTERNET
5,MP3_PLAYER
5,PUBLIC_SPEAKING
5,ROCK
5,RUSSELLVILLE
5,SUMMER
6,42
6,ACTION
6,APPLE
6,CAKE
6,CAR
6,CIRCLE
6,CSI
6,EAGLE
6,FOOTBALL
6,FOREST
6,INTERNET
6,MATH
6,NEW_YORK
6,PLASMA_TV
6,RED
6,ROCK
6,SNAKE
6,SNAKES
6,WEASEL_STOMPING_DAY
6,WINTER
7,42
7,BASEBALL
7,BEACH
7,BLACK
7,CANDY
7,CAT
7,CHRISTMAS
7,CIRCLE
7,COMEDY
7,EAGLE
7,MP3_PLAYER
7,MUSIC
7,PAOLA
7,PEAR
7,PHYSICAL_SCIENCE
7,PUBLIC_SPEAKING
7,ROCK
7,SIMPSONS
7,SPRING
7,TRUCK
8,666
8,ACTION
8,BLACK
8,BOOGIE_MAN
8,CANDY
8,CAR
8,CSI
8,DEATH_METAL
8,DOG
8,ENGLISH
8,FALL
8,FOOTBALL
8,INTERNET
8,LION
8,MOUNTAIN
8,MP3_PLAYER
8,ORANGE
8,RUSSELLVILLE
8,THANKSGIVING
8,TRIANGLE
9,7777
9,APPLE
9,BASEBALL
9,BEACH
9,CHRISTMAS
9,CIRCLE
9,CSI
9,FALL
9,GREEN
9,HORROR
9,LION
9,MATH
9,MUSIC
9,NY
9,PIE
9,PLASMA_TV
9,ROCK
9,SNAKE
9,SPODERS
9,SUV
10,678768
10,ACTION
10,BLUE
10,BOOK
10,CAT
10,CHRISTMAS
10,DVD
10,EAGLE
10,EASY_LISTENING
10,FOOTBALL
10,FRUIT
10,HOUSE
10,KINGSTON
10,MOUNTAIN
10,OCTAGON
10,ORANGE
10,PUBLIC_SPEAKING
10,SOCIAL_SCIENCE
10,SPRING
10,TRUCK
11,666
11,AMERICAN_DAD
11,BLACK
11,BRITNEY_SPEARES
11,CAR
11,CAT
11,COOKIES
11,DALLAS
11,ENGLISH
11,FOOTBALL
11,FOREST
11,GAMES
11,HALLOWEEN
11,HEAVY_METAL
11,HORROR
11,LEMUR
11,ORANGE
11,SQUARE
11,WINTER
11,XBOX
12,426
12,ACTION
12,BASKETBALL
12,BENTON
12,BIOLOGY
12,BOOGIE_MAN
12,CAR
12,DOG
12,ELEPHANT
12,FALL
12,FRUIT
12,HOUSE
12,MOUNTAIN
12,MUSIC
12,PINEAPPLE
12,RED
12,ROCK
12,THANKSGIVING
12,TRIANGLE
12,_MP3_PLAYER
13,69
13,ART
13,BANANA
13,COUNTRY
13,DENVER
13,EAGLE
13,FOOTBALL
13,FRUIT
13,HORROR
13,HOUSE
13,MOUNTAIN
13,MUSIC
13,NEW_YEARS_EVE
13,NONE
13,RED
13,SNAKE
13,TRIANGLE
13,TRUCK
13,WINTER
13,XBOX
14,3.14159
14,BASEBALL
14,BEACH
14,BLUEGRASS
14,BOOGIE_MAN
14,BOOK
14,COMEDY
14,DOG
14,DVR/TIVO
14,EAGLE
14,"HAPPY,_TX"
14,HOUSE
14,MUSIC
14,PIE
14,PINEAPPLE
14,SPRING
14,STAR
14,SUV
14,THANKSGIVING
14,YELLOW
15,626262
15,ARBOR_DAY
15,ATLANTA
15,BEACH
15,BLUE
15,BOOK
15,CAKE
15,COMEDY
15,DVD
15,EAGLE
15,FOOTBALL
15,IRREGULAR
15,MOTORCYCLE
15,MUSIC
15,ORANGE
15,RAP
15,SIMPSONS
15,SNAKE
15,SNAKES
15,SUMMER
16,18
16,APPLE
16,BASEBALL
16,BOOGIE_MAN
16,CIRCLE
16,COMEDY
16,CSI
16,DOG
16,FALL
16,LION
16,MATH
16,MOUNTAIN
16,MP3_PLAYER
16,MUSIC
16,PIE
16,PINE_BLUFF
16,RAP
16,RED
16,THANKSGIVING
16,TRUCK
17,621564
17,ACTION
17,CAR
17,CAT
17,CHRISTMAS
17,CIRCLE
17,DESERT
17,DVD
17,EAGLE
17,FOOTBALL
17,GREEN
17,"HELL,MI"
17,HIP_HOP
17,INTERNET
17,MUSIC
17,PEAR
17,PIE
17,SNAKES
17,SUMMER
17,SURVIVOR
18,1
18,ACTION
18,BANANA
18,BIOLOGY
18,BOOGIE_MAN
18,CAKE
18,CAR
18,CIRCLE
18,COUNTRY
18,CSI
18,DOG
18,DVD
18,FALL
18,FOOTBALL
18,FOREST
18,HALLOWEEN
18,MOVIE
18,RUSSELLVILLE
18,WHALE
18,WHITE
19,13
19,BLUE_GRASS
19,CAKE
19,CHRISTMAS
19,DOG
19,DVD
19,EAGLE
19,ENGLISH
19,FALL
19,FOOTBALL
19,GALVESTON
19,LAKE
19,MOVIE
19,ORANGE
19,PURPLE
19,ROMANCE
19,SNAKES
19,SQUARE
19,SURVIVOR
19,TRUCK
20,44
20,BEACH
20,BIRTHDAY
20,BLUE
20,BROWNIE
20,DOG
20,DRAMA
20,DVR/TIVO
20,FALL
20,FOOTBALL
20,GRAPE
20,LION
20,MONDAY_NIGHT_FOOTBALL
20,MOVIE
20,ROCK
20,SAN_DIEGO
20,SNAKES
20,SOCIAL_SCIENCE
20,SUV
20,TRIANGLE
21,20
21,ANYTHING
21,BROWNIE
21,COMEDY
21,DOG
21,FOOTBALL
21,HISTORY
21,LAKE
21,LION
21,MP3_PLAYER
21,MUSIC
21,N/A
21,ORANGE
21,PADRE
21,RED
21,ST._PATTYS_DAY
21,STAR
21,SUMMER
21,THE_OFFICE
21,TRUCK
22,1
22,ART
22,BASEBALL
22,BEACH
22,BLUE
22,BOOK
22,CAKE
22,CIRCLE
22,CSI
22,DOG
22,DVD
22,EAGLE
22,NEW_YORK
22,PEAR
22,POP
22,ROMANCE
22,SNAKES
22,SPRING
22,SUV
22,VALENTINES_DAY
23,11
23,APPLE
23,BEACH
23,CAKE
23,CHRISTMAS
23,COMEDY
23,DOG
23,DVD
23,EAGLE
23,GREEN
23,HOUSE
23,MATH
23,MUSIC
23,NEW_YORK
23,ROCK
23,SNAKES
23,SOCCER
23,SPRING
23,SQUARE
23,SUV
24,7
24,ACOUSTIC_GUITAR
24,BENTON
24,BOOK
24,CAR
24,CHRISTMAS
24,DOG
24,DVD
24,FOOTBALL
24,FRUIT
24,GILMORE_GIRLS
24,LAKE
24,LION
24,MATH
24,PEAR
24,PINK
24,ROMANCE
24,SNAKES
24,SPRING
24,STAR
25,9999
25,ACTION
25,APPLE
25,BASEBALL
25,BEACH
25,BIOLOGY
25,BOOK
25,CAKE
25,CHRISTMAS
25,COUNTRY
25,DOG
25,DVD
25,FALL
25,HOUSE
25,LION
25,RED
25,RUSSELLVILLE
25,SNAKES
25,SUV
25,TRIANGLE
26,12
26,BEACH
26,BOOK
26,CAKE
26,CAR
26,COMEDY
26,DOG
26,DVR/TIVO
26,EAGLE
26,ENGLISH
26,FALL
26,FAMILY_GUY
26,FOOTBALL
26,HALLOWEEN
26,PEACHES
26,RED
26,ROCK
26,RUSSELLVILLE
26,SNAKES
26,TRIANGLE
27,12
27,ACTION
27,APPLE
27,BLUE
27,CHRISTMAS
27,CIRCLE
27,CSI
27,DOG
27,DVD
27,EAGLE
27,FALL
27,FOOTBALL
27,FOREST
27,INTERNET
27,I_AM_THE_BOOGIE_MAN
27,MATH
27,PIE
27,ROCK_N_ROLL
27,"TOWNSVILLE,_AUSTALIA"
27,TRUCK
28,1972
28,AMERICAN_IDOL
28,BASEBALL
28,BEACH
28,BIOLOGY
28,BLUE
28,BROWNIE
28,CAR
28,CHRISTMAS
28,CIRCLE
28,COMEDY
28,DOG
28,DVD
28,EAGLE
28,FALL
28,HOLLYWOOD
28,MOVIE
28,OLD_ROCK
28,PEAR
28,SPIDERS
29,10
29,AIRPLANE
29,AMERICAN_IDOL
29,BASKETBALL
29,BEACH
29,BOOK
29,CAKE
29,CHICAGO
29,CHRISTMAS
29,COUNTRY
29,DOG
29,DVR/TIVO
29,ENGLISH
29,FALL
29,GRAPE
29,ROMANCE
29,SNAKES
29,STAR
29,WHALE
29,YELLOW
30,3
30,APPLE
30,CAKE
30,CAR
30,CHICAGO
30,CHRISTMAS
30,COMEDY
30,DOG
30,EAGLE
30,ENGLISH
30,FOOTBAL
30,HOUSE
30,INTERNET
30,IRREGULAR
30,LAKE
30,METALCORE
30,PLASMA_TV
30,SPIDERS
30,SUMMER
30,WHITE
31,1989
31,AMERICAN_IDOL
31,APPLE
31,ART
31,BELLEVILLE
31,BROWNIE
31,CAR
31,ELEPHANT
31,FISH
31,LAKE
31,MOVIE
31,MP3_PLAYER
31,POP
31,PURPLE
31,ROMANCE
31,SNAKES
31,SOFTBALL
31,SPRING
31,THANKSGIVING
31,TRAPEZOID
32,22
32,BEACH
32,BIRTHDAY
32,CAKE
32,CAR
32,CHEERLEADING
32,DANCING_WITH_THE_STARS
32,DOG
32,DVD
32,GRAPE
32,GREEN
32,HEXAGON
32,L.A.
32,MUSIC
32,RABBIT
32,READING
32,ROMANCE
32,SALSA
32,SPIDERS
32,SUMMER
33,41485
33,BANANA
33,BASEBALL
33,BEACH
33,BLUE
33,CAKE
33,CAR
33,CHRISTMAS
33,COMEDY
33,DOG
33,DVD
33,INTERNET
33,LION
33,MUSIC
33,PUBLIC_SPEAKING
33,ROCK
33,RUSSELLVILLE
33,SPRING
33,STAR
33,THE_OFFICE
34,111
34,AIRPLANE
34,BABY_MAKIN_MUSIC
34,BASKETBALL
34,CAT
34,CHRISTMAS
34,FRUIT
34,HOBOKEN
34,MATH
34,MOUNTAIN
34,MOVIE
34,OCTAGON
34,ORANGE
34,PLASMA_TV
34,ROMANCE
34,SPIDERS
34,THE_OFFICE
34,WHALE
34,WINTER
34,YELLOW
35,8
35,ART
35,BASEBALL
35,BRANSON
35,CANDY
35,COMEDY
35,DOG
35,EAGLE
35,MOUNTAIN
35,MP3_PLAYER
35,PLUM
35,RED
35,RHOMBUS
35,ROCK
35,SPRING
35,SURVIVOR
35,TELETUBBIES
35,THANKSGIVING
35,TRUCK
36,101
36,ALL
36,BIOLOGY
36,BLUE
36,CAT
36,CHRISTMAS
36,COMEDY
36,EAGLE
36,FOOTBALL
36,FRUIT
36,IRREGULAR
36,LAKE
36,MOVIE
36,MP3_PLAYER
36,PANAMA
36,PEAR
36,SNAKES
36,SUMMER
36,THE_OFFICE
36,TRUCK
37,632016
37,BIRTHDAY
37,BLACK
37,COMEDY
37,CSI
37,DVD
37,FALL
37,FISH
37,FOOTBALL
37,"FRANKENMUTH,MI"
37,GRAPE
37,MATH
37,MOUNTAIN
37,MOVIE
37,OCTAGON
37,PIE
37,ROCK
37,SPIDERS_WITH_HAIR
37,SUV
37,WHALE
38,54
38,BLUE
38,CAR
38,CHRISTMAS
38,COMEDY
38,DOG
38,ESPN
38,FRUIT
38,GRAPE
38,HISTORY
38,L.A.
38,NONE
38,SCHOOL
38,SOCCER
38,SOCCER_FIELD
38,SPANISH_REGGAE
38,SPRING
38,XBOX
38,XBOX_360
39,1
39,BANANA
39,BASEBALL
39,BEACH
39,BLUE
39,BROWNIE
39,CAR
39,CAT
39,COMEDY
39,DVR
39,FALL
39,JULY_4TH
39,LION
39,MONDAY_NIGHT_FOOTBALL
39,MUSIC
39,"NAVARRE,_FL"
39,RAP
39,SNAKES
39,SOCIAL_SCIENCE
39,STAR
40,71331
40,ALTERNATIVE
40,ART
40,BANANA
40,BEACH
40,BOOGIE_MAN
40,CANDY
40,CAR
40,COMEDY
40,DOG
40,DVD
40,FOOTBALL
40,GREEN
40,INDEPENDENCE_DAY
40,LION
40,MUSIC
40,OAKLAND
40,SIMPSONS
40,STAR
40,SUMMER
41,2
41,BASKETBALL
41,BEACH
41,BOOK
41,BROWNIE
41,CHRISTIAN
41,CHRISTMAS
41,COMEDY
41,DOG
41,DVD
41,FORT_SMITH
41,LION
41,MATH
41,ORANGE
41,RED
41,SPIDERS
41,SPRING
41,SQUARE
41,SURVIVOR
41,TRUCK
42,1
42,BASKETBALL
42,BEACH
42,BLUE
42,CAKE
42,COMEDY
42,COUNTRY
42,DOG
42,DVD
42,LION
42,MATH
42,MONDAY_NIGHT_FOOTBALL
42,MOVIE
42,ORANGE
42,SNAKES
42,STAR
42,SUMMER
42,THANKSGIVING
42,TRUCK
42,_PANAMA_CITY_BEACH
43,224622
43,ACTION
43,"BALAD,_IRAQ"
43,BIOLOGY
43,BLACK
43,BOOK
43,BROWNIE
43,DOG
43,EAGLE
43,EASTER
43,FALL
43,FOOTBALL
43,FOREST
43,IRREGULAR
43,PEAR
43,PLASMA_TV
43,PUBLIC_SPEAKING
43,ROCK
43,THE_OFFICE
43,TRUCK
44,92
44,ACTION
44,BEACH
44,BLUE
44,BROWNIE
44,CHRISTMAS
44,COUNTRY
44,DOG
44,DVD
44,FOOTBALL
44,MOVIE
44,ORANGE
44,PLAYA_DEL_CARMEN
44,SNAKES
44,SOCIAL_SCIENCE
44,SQUARE
44,SUMMER
44,SURVIVOR
44,TRUCK
44,WHALE
45,28
45,APPLE
45,BEACH
45,BIRTHDAY
45,BLUE
45,BROWNIE
45,CAR
45,CIRCLE
45,COMEDY
45,DOG
45,FOOTBALL
45,HOUSE
45,LION
45,MATH
45,MOVIE
45,NEW_YORK
45,PLASMA_TV
45,RIE_GAY
45,SNAKES
45,SUMMER
46,10000000
46,AMERICAN_IDOL
46,ART
46,BASKETBALL
46,BEACH
46,CAR
46,CAT
46,CHRISTMAS
46,COMEDY
46,EAGLE
46,GRAPE
46,LITTLE_ROCK
46,MOVIE
46,MP3_PLAYER
46,PIE
46,R&B
46,SNAKES
46,SPRING
46,STAR
46,YELLOW
47,26
47,ACTION
47,ART
47,BASKETBALL
47,BEACH
47,BROWNIE
47,CAT
47,CHRISTMAS
47,CONWAY
47,EAGLE
47,GRAPE
47,GREEN
47,MOVIE
47,MP3_PLAYER
47,POP
47,SNAKES
47,SQUARE
47,SUMMER
47,SURVIVOR
47,TRUCK
48,4
48,AMERICAN_IDOL
48,ART
48,BASKETBALL
48,BEACH
48,BIRTHDAY
48,CAR
48,DOG
48,GRAPE
48,GREEN
48,JAMAICA
48,LION
48,MUSIC
48,PIE
48,PLASMA_TV
48,R&B
48,ROMANCE
48,SNAKES
48,SQUARE
48,SUMMER
49,13
49,ACTION
49,APPLE
49,BEACH
49,BLUE
49,CAKE
49,CAR
49,CHRISTMAS
49,DOG
49,FOOTBALL
49,HARD_ROCK
49,HOUSE
49,LION
49,MATH
49,MOVIE
49,MP3_PLAYER
49,PUBLIC_SPEAKING
49,SUMMER
49,TAIPEI
49,TRIANGLE
50,4TH_OF_JULY
50,7
50,ART
50,BANANA
50,BASEBALL
50,BOOGIE_MAN
50,CANDY
50,CIRCLE
50,COMEDY
50,CSI
50,DVR/TIVO
50,FALL
50,FISH
50,LAKE
50,LION
50,MUSIC
50,RED
50,ROCK-N-ROLLA
50,"ROME,ITALY"
50,TRUCK
51,500400
51,BASEBALL
51,BEACH
51,CAR
51,CAT
51,CIRCLE
51,COMEDY
51,GRAPE
51,GREEN
51,LION
51,MATH
51,MOVIE
51,PIE
51,PLASMA_TV
51,PUBLIC_SPEAKING
51,SANDIAGO
51,SIMPSONS
51,SPRING
51,STAR_WARS
51,THANKSGIVING
52,79
52,ACTION
52,APPLE
52,BEACH
52,CANDY
52,CHRISTMAS
52,COUNTRY
52,DOG
52,DVD
52,FOOTBALL
52,GREEN
52,LION
52,MATH
52,MUSIC
52,PLAYA_DEL_CARMEN
52,SNAKES
52,SUMMER
52,SURVIVOR
52,TRIANGLE
52,TRUCK
53,17
53,BEACH
53,BLUE
53,BROWNIE
53,CHRISTMAS
53,COMEDY
53,DOG
53,DVD
53,FALL
53,FOOTBALL
53,HEART
53,MUSIC
53,POP
53,ROME
53,SPIDERS
53,STRAWBERRY
53,SUV
53,THE_OFFICE
53,WHALE
54,3
54,BEACH
54,BIOLOGY
54,CAKE
54,CAR
54,CHRISTMAS
54,CIRCLE
54,DEER
54,DOG
54,FOOTBALL
54,GREEN
54,HORROR
54,INTERNET
54,NEW_YORK
54,PEAR
54,RAP
54,SIMPSONS
54,SNAKES
54,SUMMER
54,XBOX
55,42
55,BASEBALL
55,BLEACH
55,BLUE
55,BROWNIE
55,CAR
55,CHRISTMAS
55,COMEDY
55,DOG
55,FALL
55,GRAPE
55,INTERNET
55,J-POP
55,LAKE
55,MATH
55,MONKEY
55,SNAKES
55,STAR
55,THE_INTERNET
55,TOKYO
56,379057
56,BANANA
56,BEACH
56,BOOK
56,BROWNIE
56,CAR
56,COMEDY
56,CSI
56,DELHI_(INDIA)
56,DOG
56,DVD
56,FOOTBALL
56,GREEN
56,INDIAN
56,MATH
56,OCTAGON
56,SNAKES
56,SUMMER
56,THANKSGIVING
56,TIGER
57,198652
57,ACTION
57,ALTERNATIVE
57,BLACK
57,BOOK
57,BROWNIE
57,CSI
57,DOG
57,EAGLE
57,ENGLISH
57,FOOTBALL
57,GRAPE
57,IRREGULAR
57,MIDGAR
57,MOTORCYCLE
57,MOUNTAIN
57,MP3_PLAYER
57,SNAKES
57,THANKSGIVING
57,WINTER
58,17
58,APPLE
58,BEACH
58,CAR
58,CHRISTMAS
58,CLASSICAL
58,DOG
58,GREEN
58,GYMNASTICS
58,HOUSE
58,HOUSTON
58,LION
58,MP3_PLAYER
58,MUSIC
58,PIE
58,ROMANCE
58,SPIDERS
58,STAR
58,SUMMER
59,8
59,AIRPLANE
59,ARMISTICE_DAY
59,BASEBALL
59,BEACH
59,BLACK
59,CAT
59,CLASSIC_ROCK
59,DESTIN
59,EAGLE
59,FRUIT
59,HISTORY
59,MICROWAVE
59,MOVIE
59,PEAR
59,PUBLIC_SPEAKING
59,SIMPSONS
59,SUMMER
59,TRIANGLE
59,WAR
60,7
60,ACTION
60,BASKETBALL
60,BEACH
60,BLACK
60,CANDY
60,CAR
60,CAT
60,CHRISTMAS
60,DVR/TIVO
60,FALL
60,GRAPE
60,HEAVY_METAL
60,INTERNET
60,LION
60,NEW_YORK
60,OCTAGON
60,SIMPSONS
60,SNAKES
60,SOCIAL_SCIENCE
61,351
61,CHUCKY
61,CIRCLE
61,COLBERT_REPORT
61,COMEDY
61,CUPCAKE
61,DETAILING
61,DOG
61,FALL
61,FOOTBALL
61,"KEYSTONE,_CO"
61,MOUNTAIN
61,ORANGE
61,PHYSICAL_SCIENCE
61,RED
61,ROCK
61,SUBWOOFER
61,THANKSGIVING
61,TRUCK
61,ZEBRA
62,10
62,ACTION
62,BASKETBALL
62,BEACH
62,BLACK
62,CAR
62,CHRISTMAS
62,CIRCLE
62,DOG
62,HIP_HOP
62,INTERNET
62,LION
62,MATH
62,MP3_PLAYER
62,NEW_YORK_CITY
62,PIE
62,PINEAPPLE
62,SNAKES
62,SUMMER
62,SURVIVOR
63,234536
63,BANANA
63,BLUE
63,BOOK
63,CAT
63,CHRISTMAS
63,DVD
63,EAGLE
63,ENGLISH
63,FALL
63,FOOTBALL
63,FRUIT
63,HOUSE
63,MOUNTAIN
63,ROMANCE
63,SPIDERS
63,TAUMATA
63,TOKYO_POP
63,TRIANGLE
63,TRUCK
64,10
64,BEACH
64,CAR
64,CHRISTMAS
64,CIRCLE
64,DOG
64,DVR/TIVO
64,FALL
64,"FAYETTEVILLE,AR"
64,FOOTBALL
64,GRAPE
64,HOUSE
64,LION
64,MOVIE
64,MUSIC
64,PIE
64,PURPLE
64,ROCK
64,ROMANCE
64,SPIDERS
65,32
65,AIRPLANE
65,APPLE
65,BEACH
65,BLUE
65,CAKE
65,CHRISTMAS
65,CIRCLE
65,COMEDY
65,DOG
65,DVR/TIVO
65,EAGLE
65,FALL
65,HOUSE
65,MATH
65,MIAMI
65,MOVIE
65,ROCK
65,SNAKES
65,SOCCER
66,13
66,ACTION
66,ALL
66,APPLE
66,BIRTHDAY
66,COMPUTER
66,DOG
66,FALL
66,FAMILY_GUY
66,HISTORY
66,ICE_CREAM
66,NONE
66,PURPLE
66,READING
66,SPIDERS
66,SQUARE
66,VOLLEYBALL
66,WALK
66,WOLF
66,WOODS
67,1337
67,ACTION
67,AIRPLANE
67,BASEBALL
67,BIOLOGY
67,BIRTHDAY
67,BLUE
67,CAKE
67,CAT
67,"CHICAGO,_IL"
67,GRAPE
67,INTERNET
67,MOUNTAIN
67,OCTAGON
67,PLASMA_TV
67,ROCK
67,SPIDERS
67,THE_OFFICE
67,WHALE
67,WINTER
68,7
68,AMERICAN_IDOL
68,BEACH
68,BEAR
68,BROWNIE
68,CAR
68,CAT
68,COUNTRY
68,ENGLISH
68,FOOTBALL
68,GRAPE
68,MP3_PLAYER
68,MUSIC
68,ROMANCE
68,SAN_ANTONIO
68,SNAKES
68,SQUARE
68,SUMMER
68,VALENTINES_DAY
68,YELLOW
69,18
69,ACOUSTIC
69,BIOLOGY
69,CAKE
69,CAR
69,CHRISTMAS
69,COMEDY
69,DOG
69,DVR/TIVO
69,ELEPHANT
69,FALL
69,FOOTBALL
69,FORT_SMITH
69,GRAPE
69,HOUSE
69,LAKE
69,MOVIE
69,PURPLE
69,SNAKES
69,STAR
70,333
70,ACTION
70,BASKETBALL
70,CANDY
70,COUNTRY
70,CSI
70,DOG
70,DVD
70,EAGLE
70,ENGLISH
70,FAYETTEVILE
70,GRAPE
70,INTERNET
70,LAKE
70,RED
70,SPIDERS
70,SPRING
70,STAR
70,SUV
70,VALENTINES_DAY
71,666
71,BASEBALL
71,BEACH
71,BLACK
71,CHEESE_CAKE
71,DVR/TIVO
71,HALLOWEEN
71,HORROR
71,IRREGULAR
71,MATH
71,MOTORCYCLE
71,MUSIC
71,PEAR
71,PUBLIC_SPEAKING
71,ROCK
71,SAN_DIEGO
71,SMALLVILLE
71,SNAKE
71,SUMMER
71,TIGER
72,21
72,ACTION
72,BANANA
72,BEACH
72,BEAR
72,CAKE
72,CAR
72,CHRISTMAS
72,COUNTRY
72,CSI
72,DOG
72,FOOTBALL
72,L.A.
72,MP3_PLAYER
72,PHYSICAL_SCIENCE
72,RED
72,SPIDERS
72,SPORTS
72,SUMMER
72,TRIANGLE
73,736252
73,BROWNIE
73,CAR
73,CHRISTMAS
73,COMEDY
73,DOG
73,DVR/TIVO
73,EAGLE
73,FALL
73,FOOTBALL
73,GRAPE
73,GREEN
73,HOUSE
73,IRREGULAR
73,LAKE
73,MATH
73,MOVIE
73,PITTSBURGH
73,ROCK
73,SPIDERS
74,58413
74,AIRPLANE
74,BEACH
74,BLUE
74,CAT
74,CELL_PHONE
74,CLASSICAL
74,FALL
74,FRUIT
74,FUTURAMA
74,HONOLULU
74,HORROR
74,MUSIC
74,PEAR
74,PENGUIN
74,PSYCHOLOGY
74,SOCCER
74,SPIDERS
74,STAR
74,VALENTINES_DAY
75,15
75,BEACH
75,BIOLOGY
75,BROWNIE
75,CAR
75,CHICAGO
75,CIRCLE
75,DOG
75,EAGLE
75,FALL
75,GOSPEL
75,GRAPE
75,HALLOWEEN
75,HOUSE
75,MP3_PLAYER
75,MUSIC
75,PURPLE
75,ROMANCE
75,SOCCER
75,SPIDERS
76,23
76,BANANA
76,BASKETBALL
76,BOOK
76,BROWNIE
76,CAR
76,CHRISTMAS
76,DVD
76,ENGLISH
76,FISH
76,LAKE
76,LION
76,OCTAGON
76,ORANGE
76,ORANGE_COUNTY
76,ROCK
76,ROMANCE
76,SNAKES
76,SPRING
76,SURVIVOR
77,123456
77,ATLANTIS
77,BASKETBALL
77,BEACH
77,BLUES
77,BOOGIE_MAN
77,CAR
77,CAT
77,EAGLE
77,FRUIT
77,GREEN
77,HORROR
77,IRREGULAR
77,KWANZAA
77,MATH
77,MP3_PLAYER
77,MUSIC
77,ORANGE
77,SIMPSONS
77,SPRING
78,13
78,APPLE
78,BASEBALL
78,BIOLOGY
78,BLACK
78,BLUE
78,CAR
78,COMEDY
78,DENVER
78,DOG
78,ENGLISH
78,GECKO
78,HALLOWEEN
78,J-POP
78,MOUNTAIN
78,PIE
78,SAN_ANTONIO
78,SNES
78,SOUTH_PARK
78,STAR
78,VIDEO_GAMES
78,WASPS
78,WINTER
79,777
79,BLUE
79,CAR
79,CAT
79,CHRISTMAS
79,CIRCLE
79,COMEDY
79,FAMILY_GUY
79,LION
79,LOW_GAP
79,MOUNTAIN
79,MP3_PLAYER
79,MUSIC
79,ORANGE
79,PIE
79,ROCK
79,SPIDERS
79,TENNIS
79,WINTER
80,939023
80,BEACH
80,BLUE
80,BOOGIE_MAN
80,CAR
80,CAT
80,CHRISTMAS
80,CLASSIC_ROCK
80,COMEDY
80,ELEPHANT
80,FOOTBALL
80,HOUSE
80,MATH
80,MOUNTAIN_HOME
80,MP3_PLAYER
80,MUSIC
80,OCTAGON
80,PEAR
80,PIE
80,SPRING
81,100
81,ALL
81,BANANA
81,CANDY
81,DOG
81,DRAMA
81,FALL
81,FOOTBALL
81,HALLOWEEN
81,HOUSTON
81,LAKE
81,LION
81,MP3_PLAYER
81,MUSIC
81,PURPLE
81,RECTANGLE
81,SPIDERS
81,SPONGEBOB
81,SUV
82,15
82,ACTION
82,BACHATA
82,BASEBALL
82,BEACH
82,BIOLOGY
82,BLUE
82,BROOKLYN
82,CAR
82,CHIMP
82,CHRISTMAS
82,CIRCLE
82,COOKIES
82,DOG
82,FAMILY_GUY
82,GAMING
82,GRAPE
82,HEIGHTS
82,WINTER
82,XBOX
83,721
83,APPLE
83,BASKETBALL
83,BEACH
83,BROWNIE
83,CAR
83,COMEDY
83,COUNTRY
83,DALLAS
83,DOG
83,ELEPHANT
83,FALL
83,INTERNET
83,MATH
83,MP3_PLAYER
83,RED
83,SIMPSONS
83,SNAKES
83,STAR
83,THANKSGIVING
84,999999
84,ACTION
84,BANANA
84,BASEBALL
84,BLUE
84,BROWNIE
84,CAR
84,CHRISTMAS
84,DOG
84,LAKE
84,LION
84,MP3_PLAYER
84,MUSIC
84,OCTAGON
84,PHYSICAL_SCIENCE
84,PRESCOTT
84,ROCK
84,SPIDERS
84,SUMMER
84,THE_OFFICE
85,7
85,BEACH
85,BIOLOGY
85,BOOK
85,CAT
85,CHARMED
85,COUNTRY
85,DVD
85,GREEN
85,NASCAR
85,PIE
85,ROMANCE
85,SAN_ANTONIO
85,SPIDERS
85,STAR
85,STRAWBERRY
85,SUV
85,VALENTINES_DAY
85,WINTER
85,WOLF
86,999999
86,ACTION
86,BANANA
86,BEACH
86,BLACK
86,CAKE
86,CAR
86,CHRISTMAS
86,DOG
86,FOOTBALL
86,IRREGULAR
86,MOVIE
86,MP3_PLAYER
86,MUSIC
86,PITTSBURGH
86,PUBLIC_SPEAKING
86,R&B
86,SIMPSONS
86,WINTER
86,WOLF
87,7
87,AIRPLANE
87,BIRD
87,BLUE
87,CIRCLE
87,CLASSICAL
87,DRAMA
87,FOOTBALL
87,FOREST
87,FRUIT
87,INTERNET
87,MATH
87,MP3_PLAYER
87,NEW_YEARS_EVE
87,RASPBERRY
87,SEATTLE
87,SIMPSONS
87,SNAKES
87,SPRING
87,WHALE
88,4TH_OF_JULY
88,7
88,ACTION
88,ART
88,BANANA
88,CANDY
88,CAR
88,CAT
88,CIRCLE
88,GYMNASTICS
88,HOUSE
88,LION
88,LITTLE_ROCK
88,MOUNTAIN
88,MUSIC
88,PLASMA_TV
88,POP
88,SNAKES
88,SUMMER
88,YELLOW
89,454678
89,APPLE
89,ART
89,BEACH
89,BOOK
89,CAKE
89,CAR
89,CHRISTMAS
89,COMEDY
89,COUNTRY
89,CSI
89,DOG
89,DVD
89,ELEPHANT
89,L.A.
89,RED
89,SOFTBALL
89,SPIDERS
89,SPRING
89,TRIANGLE
90,19
90,ART
90,BLACK
90,CANDY
90,CHRISTMAS
90,FOREST
90,GYMNASTICS
90,HORROR
90,HOUSE
90,IRREGULAR
90,LONDON
90,MOVIE
90,MP3_PLAYER
90,PEAR
90,PUNK
90,SNAKE
90,SNAKES
90,TRAIN
90,WHALE
90,WINTER
91,26
91,BEACH
91,BOOK
91,CAKE
91,CAR
91,CHRISTMAS
91,COMEDY
91,DOG
91,GRAPE
91,HOUSE
91,LION
91,MEMPHIS
91,MP3_PLAYER
91,ROCK
91,SOCCER
91,SOCIAL_SCIENCE
91,SPIDERS
91,STAR
91,SUMMER
91,YELLOW
92,3
92,APPLE
92,CARDS
92,CAT
92,COMEDY
92,DVD
92,ENGLISH
92,GREEN
92,HALLOWEEN
92,LAKE
92,PENGUIN
92,PIE
92,ROCK
92,SIMPSONS
92,SNAKES
92,SOCCER
92,SPRING
92,TEXARKANA
92,TRIANGLE
92,WALK
93,888888
93,BANANA
93,BIRTHDAY
93,CAKE
93,CAR
93,COMPUTER
93,CSP
93,DOG
93,FISH
93,GREEN
93,HEART
93,LAYTON
93,LOST_OF_PEOPLE
93,MOUNTAIN
93,OLDIES
93,ROMANCE
93,STARGATE
93,SWIMMING
93,VIDEO_GAMES
93,WINTER
94,8
94,BEACH
94,BLACK
94,BLINDNESS
94,CAR
94,CAT
94,COMEDY
94,EASTER
94,FOOTBALL
94,GAMING
94,HISTORY
94,ICE_CREAM
94,MYTHBUSTERS
94,PEACH
94,ROCK
94,SAN_ANTONIO
94,SHARK
94,THE_INTERNET
94,TRIANGLE
94,WINTER
95,12
95,AIRPLANE
95,APPLE
95,BASEBALL
95,BEACH
95,BIRD
95,BLUE
95,CANDY
95,CHRISTMAS
95,COMEDY
95,ENGLISH
95,MUSIC
95,OWL
95,PUSHING_DAISIES
95,ROCK
95,ROME
95,SNAKES
95,STAR
95,THE_INTERNET
95,WINTER
96,24
96,BANANA
96,BEACH
96,BIOLOGY
96,BLUE
96,CHRISTMAS
96,COMEDY
96,DOG
96,FOOTBALL
96,LION
96,MONDAY_NIGHT_FOOBALL
96,MOTORCYCLE
96,MP3_PLAYER
96,MUSIC
96,ORLANDO
96,PIE
96,RAP
96,SNAKES
96,STAR
96,SUMMER
97,101062
97,AMERICAN_IDOL
97,ART
97,BEACH
97,BLUE
97,BOOK
97,BROWNIE
97,CHRISTMAS
97,COUNTRY
97,DOG
97,DVD
97,FALL
97,FOOTBALL
97,HOT_SPRINGS
97,LION
97,ORANGE
97,ROMANCE
97,SNAKES
97,SUV
97,TRIANGLE
98,123456
98,ACTION
98,BLUE
98,CAKE
98,CAR
98,CHRISTMAS
98,DOG
98,EAGLE
98,INTERNET
98,MARTIAL_ARTS
98,MOUNTAIN
98,MP3_PLAYER
98,MUSIC
98,OCTAGON
98,ORANGE
98,PINE_BLUFF
98,PUBLIC_SPEAKING
98,R&B
98,SIMPSONS
98,SUMMER
99,23
99,ACTION
99,BANANA
99,BEACH
99,BLUE
99,BROWNIE
99,CHRISTMAS
99,DESTIN
99,DOG
99,DVR/TIVO
99,FALL
99,FOOTBALL
99,INTERNET
99,LION
99,RAP
99,SNAKES
99,SOCIAL_SCIENCE
99,SQUARE
99,SURVIVOR
99,TRUCK
100,777
100,ACTION
100,BANANA
100,BEACH
100,BOOK
100,CAKE
100,CHRISTIAN_ROCK
100,CHRISTMAS
100,DOG
100,EAGLE
100,FALL
100,FOOTBALL
100,HOUSE
100,MATH
100,PLASMA_TV
100,RED
100,SAN_DEIGO
100,SPIDERS
100,SUV
100,TRIANGLE
101,1
101,AMERICAN_IDOL
101,BASKETBALL
101,BEACH
101,BLACK
101,BOOK
101,CANDY
101,CAR
101,CIRCLE
101,COUNTRY
101,DOG
101,DVR/TIVO
101,EAGLE
101,ENGLISH
101,HALLOWEEN
101,ORANGE
101,PUBLIC_SPEAKING
101,ROMANCE
101,RUSSELLVILLE
101,SUMMER
102,8
102,ACTION
102,APPLE
102,BLUE
102,CAKE
102,CHRISTMAS
102,DOG
102,EAGLE
102,FOOTBALL
102,HOT_SPRINGS
102,HOUSE
102,LAKE
102,MOVIE
102,MP3_PLAYER
102,MUSIC
102,ROCK
102,SPIDERS
102,SPRING
102,SUV
102,TRIANGLE
103,2026
103,BANANA
103,BEACH
103,BLACK
103,BLACK_METAL
103,CAR
103,FOOTBALL
103,HALLOWEEN
103,HORROR
103,INTERNET
103,IRREGULAR
103,MP3_PLAYER
103,MUSIC
103,PIE
103,RACCOON_CITY
103,SNAKE
103,SPIDERS
103,THE_OFFICE
103,WHALE
103,WINTER
104,17
104,BLUE
104,BRANSON
104,CAR
104,CAT
104,CHRISTMAS
104,CSI
104,FOOTBALL
104,INTERNET
104,LION
104,MATH
104,MOUNTAIN
104,MP3_PLAYER
104,ORANGE
104,PIE
104,POP
104,ROMANCE
104,SNAKES
104,STAR
104,SUMMER
105,77
105,ALTERNATIVE_ROCK
105,BASEBALL
105,BEACH
105,BLUE
105,CAR
105,CHRISTMAS
105,COMEDY
105,DOG
105,DVR/TIVO
105,EAGLE
105,FRUIT
105,INTERNET
105,MATH
105,ORANGE
105,SIMPSONS
105,SPIDERS
105,SPRING
105,ST._AUGISTINE
105,TRIANGLE
106,21
106,4TH_OF_JULY
106,ACTION
106,AUSTIN
106,BASEBALL
106,COOKIES
106,DOG
106,FALL
106,FOREST
106,HISTORY
106,HOUSE
106,MUSIC
106,ORANGE
106,PINEAPPLE
106,PLASMA_TV
106,RECTANGLE
106,ROCK
106,SNAKES
106,SUV
106,WHALE
107,49
107,4TH_OF_JULY
107,ACTION
107,APPLE
107,BASEBALL
107,BEACH
107,BOOK
107,CAKE
107,CLASSIC_ROCK
107,DOG
107,FEAR_FOR_SONS
107,GREEN
107,HISTORY
107,LAMAR
107,LAW_&_ORDER
107,LIGHT_BULB
107,RECTANGLE
107,SPRING
107,TRUCK
108,2
108,ATHANS
108,BANANA
108,BASKETBALL
108,BEACH
108,CAR
108,CIRCLE
108,CSI
108,DOG
108,DRAMA
108,ELEPHANT
108,HALLOWEEN
108,MATH
108,MOVIE
108,MP3_PLAYER
108,PIE
108,RED
108,ROCK
108,SPIDERS
108,SPRING
