"Post ID","Account ID","Account username","Account name",Description,"Duration (sec)","Publish time",Permalink,"Post type","Data comment",Date,Views,Reach,Likes,Shares,Replies,Navigation,"Sticker taps","Profile visits"
18576833371045353,17841402627774708,atu_business,"ATU LeMoyne Smith School of Business",,15,"04/06/2026 09:17",https://www.instagram.com/stories/atu_business/3869431899404536730,"IG story",,Lifetime,100,71,1,0,0,80,,
17938347510190898,17841402627774708,atu_business,"ATU LeMoyne Smith School of Business",,60,"04/03/2026 11:04",https://www.instagram.com/stories/atu_business/3867311438113682861,"IG story",,Lifetime,197,149,4,0,0,165,,2
18336393181173169,17841402627774708,atu_business,"ATU LeMoyne Smith School of Business",,0,"04/02/2026 09:04",https://www.instagram.com/stories/atu_business/3866526410425409737,"IG story",,Lifetime,273,213,5,1,0,242,,
17919672741322851,17841402627774708,atu_business,"ATU LeMoyne Smith School of Business",,20,"04/02/2026 06:59",https://www.instagram.com/stories/atu_business/3866463119183329122,"IG story",,Lifetime,376,286,4,3,0,247,,2
18098729248805122,17841402627774708,atu_business,"ATU LeMoyne Smith School of Business","Cash Cow’s Egg Hunt starts NOW! Instructions and clues ->",20,"04/02/2026 06:58",https://www.instagram.com/stories/atu_business/3866462998655834594,"IG story",,Lifetime,381,305,4,1,0,242,,
18131714218548426,17841402627774708,atu_business,"ATU LeMoyne Smith School of Business",,21,"04/01/2026 18:15",https://www.instagram.com/stories/atu_business/3866078882525124811,"IG story",,Lifetime,548,400,6,1,0,271,,5
17914905879355776,17841402627774708,atu_business,"ATU LeMoyne Smith School of Business",,0,"04/01/2026 12:58",https://www.instagram.com/stories/atu_business/3865919016871796360,"IG story",,Lifetime,291,224,5,0,0,262,,3
17860780119621655,17841402627774708,atu_business,"ATU LeMoyne Smith School of Business","Thankful to have insight into agency brand and strategy with Sylvain!",0,"04/01/2026 09:54",https://www.instagram.com/stories/atu_business/3865826768616307517,"IG story",,Lifetime,285,223,4,0,0,267,,1
18123782620591844,17841402627774708,atu_business,"ATU LeMoyne Smith School of Business",,0,"04/01/2026 04:36",https://www.instagram.com/stories/atu_business/3865666711643645244,"IG story",,Lifetime,278,229,4,0,0,255,,2
17905259319394850,17841402627774708,atu_business,"ATU LeMoyne Smith School of Business",,13,"03/31/2026 18:45",https://www.instagram.com/stories/atu_business/3865369284822492149,"IG story",,Lifetime,314,254,2,0,0,263,1,
17964130490908215,17841402627774708,atu_business,"ATU LeMoyne Smith School of Business",,20,"03/31/2026 04:54",https://www.instagram.com/stories/atu_business/3864950762909094798,"IG story",,Lifetime,416,312,4,1,0,221,2,3
17881945713483627,17841402627774708,atu_business,"ATU LeMoyne Smith School of Business",,0,"03/30/2026 05:31",https://www.instagram.com/stories/atu_business/3864244493864814745,"IG story",,Lifetime,774,540,2,2,0,252,,1
18384976465085445,17841402627774708,atu_business,"ATU LeMoyne Smith School of Business",NYC,12,"03/30/2026 05:25",https://www.instagram.com/stories/atu_business/3864241568295819003,"IG story",,Lifetime,275,217,5,0,0,253,,
18136695535459996,17841402627774708,atu_business,"ATU LeMoyne Smith School of Business","Hope you’re not tired of New York  yet because we ride again @nmgz_community edition",20,"03/29/2026 02:02",https://www.instagram.com/stories/atu_business/3863414818355678433,"IG story",,Lifetime,280,215,3,0,0,257,40,
18351685792234593,17841402627774708,atu_business,"ATU LeMoyne Smith School of Business",,22,"03/29/2026 01:54",https://www.instagram.com/stories/atu_business/3863410547967039646,"IG story",,Lifetime,300,240,2,0,0,245,,1
18350701471239742,17841402627774708,atu_business,"ATU LeMoyne Smith School of Business","Rose Gunther “Honestly, I think this is the best trip I have ever been on! From the amazing friends I could laugh with, the enthusiastic professors that care about us, to experiencing what life is like outside of Arkansas, this trip is like none I have ever seen. I am so thankful for all the awesome people who have made this possible for kids like me and hope other students take advantage of it!”",15,"03/28/2026 08:24",https://www.instagram.com/stories/atu_business/3862882476218279765,"IG story",,Lifetime,223,167,7,0,0,216,,1
18083015633354771,17841402627774708,atu_business,"ATU LeMoyne Smith School of Business","Carter Ayers “New York was unlike anything i’ve ever experienced. I really enjoyed the diverse and interesting places, food, and people. Now that I’ve made some interesting financial decisions, i’m ready to go back to seeing less people and more grass.”",15,"03/28/2026 08:18",https://www.instagram.com/stories/atu_business/3862879434509037134,"IG story",,Lifetime,362,267,6,1,0,210,,
18082369736524625,17841402627774708,atu_business,"ATU LeMoyne Smith School of Business","Morgan Blamey “NYC has been THE COOLEST experience of my collegiate career. Traveling and gaining firsthand experience is a learning curve like no other. 10/10, would recommend the Wall Street Experience to anyone.”",15,"03/28/2026 08:16",https://www.instagram.com/stories/atu_business/3862878485019282808,"IG story",,Lifetime,345,246,7,1,0,215,,1
18076154630157485,17841402627774708,atu_business,"ATU LeMoyne Smith School of Business","Sarah Pham “Just getting to explore all the different parts of New York was a blast! You see so many different things you would never see in Arkansas”",15,"03/28/2026 08:14",https://www.instagram.com/stories/atu_business/3862877454772380697,"IG story",,Lifetime,238,176,6,0,0,233,,
17945535150154309,17841402627774708,atu_business,"ATU LeMoyne Smith School of Business","“Alicia Keys was lying when she said this is “Where are dreams are made of”! New York City is full of vibrant city lights and its historical backgrounds which makes the place so livid to be in. My favorite part was definitely seeing Madison Square Garden and hearing about the information there. Seeing all the luxury business buildings is inspiring to where I want my career to end up!” Josiah Carter",15,"03/28/2026 08:13",https://www.instagram.com/stories/atu_business/3862876641614266333,"IG story",,Lifetime,245,177,4,0,0,237,,
18055323626705095,17841402627774708,atu_business,"ATU LeMoyne Smith School of Business","Miguel Green “The trip was legendary, if I could restart the whole week over I would! Being from Eudora it’s rare for kids to come to college and accomplish the things I have seen and done during my 4 years here. I want to be the start from my town to show no matter where you from you can be big anywhere! ”",15,"03/28/2026 08:11",https://www.instagram.com/stories/atu_business/3862875756196699179,"IG story",,Lifetime,243,179,4,0,0,229,,1
18100351894982259,17841402627774708,atu_business,"ATU LeMoyne Smith School of Business","Emma Kiser “The trip was a lot of fun and my favorite part was getting to know all these great people and creating new friendships!”",15,"03/28/2026 08:09",https://www.instagram.com/stories/atu_business/3862874820648787061,"IG story",,Lifetime,240,179,5,0,0,233,,
18146822344477216,17841402627774708,atu_business,"ATU LeMoyne Smith School of Business","Kendra Hulsey “New York City was an unforgettable trip, especially the 9/11 Memorial, Intrepid, Trump Tower, and the Harbor Lights Tour. I’d highly recommend it to anyone thinking about going next year!”",15,"03/28/2026 08:08",https://www.instagram.com/stories/atu_business/3862874147295253990,"IG story",,Lifetime,249,183,5,0,0,240,,
17928910614247783,17841402627774708,atu_business,"ATU LeMoyne Smith School of Business","Annsley Rawlins “It was amazing! A great opportunity to experience New York for the first time!",15,"03/28/2026 08:04",https://www.instagram.com/stories/atu_business/3862872390460650342,"IG story",,Lifetime,398,292,5,1,0,248,,
17887077696353134,17841402627774708,atu_business,"ATU LeMoyne Smith School of Business","Karina Herrera Gamboa “ For those who have never traveled or are scared to… don’t hesitate!! This trip opened a door for me to pursue more adventures in the future. It was even better than expected and such a well spent spring break!”",15,"03/28/2026 08:01",https://www.instagram.com/stories/atu_business/3862870759623032610,"IG story",,Lifetime,600,433,6,1,0,263,,
18366936940207222,17841402627774708,atu_business,"ATU LeMoyne Smith School of Business","Caleb Carter “New York was so much fun and I had a blast getting to go with this group! Would highly recommend going to the USS Intrepid Museum where we got to see a retired Navy Warship!”",15,"03/28/2026 07:58",https://www.instagram.com/stories/atu_business/3862869792718464755,"IG story",,Lifetime,290,194,5,0,0,293,,
18568811188018927,17841402627774708,atu_business,"ATU LeMoyne Smith School of Business","Adeea Teter “One of the best parts about the trip is getting to know fellow classmates. I didn’t know anyone going into it, but afterwards I feel like we are all close now. We all helped each other navigate around the city and got to share experiences together. ”",15,"03/28/2026 07:58",https://www.instagram.com/stories/atu_business/3862868995230296371,"IG story",,Lifetime,398,284,6,1,0,278,,
18087678719187238,17841402627774708,atu_business,"ATU LeMoyne Smith School of Business","Now that we are coming back home and the adventure is over it’s time that we recap on what made our time here so special",15,"03/28/2026 07:56",https://www.instagram.com/stories/atu_business/3862868102648855216,"IG story",,Lifetime,270,207,5,0,0,264,,
18076984427564927,17841402627774708,atu_business,"ATU LeMoyne Smith School of Business","Headed home!!",10,"03/28/2026 02:50",https://www.instagram.com/stories/atu_business/3862714356258203188,"IG story",,Lifetime,268,211,4,0,0,215,,
18124381012596417,17841402627774708,atu_business,"ATU LeMoyne Smith School of Business",,34,"03/27/2026 16:16",https://www.instagram.com/stories/atu_business/3862395025162902712,"IG story",,Lifetime,433,313,8,2,1,260,,1
18352532365233040,17841402627774708,atu_business,"ATU LeMoyne Smith School of Business",,42,"03/27/2026 15:29",https://www.instagram.com/stories/atu_business/3862371308286424524,"IG story",,Lifetime,294,210,4,0,0,262,,1
18444129943116009,17841402627774708,atu_business,"ATU LeMoyne Smith School of Business",,26,"03/27/2026 10:03",https://www.instagram.com/stories/atu_business/3862207577489330634,"IG story",,Lifetime,241,180,4,0,0,218,,
18097929346972313,17841402627774708,atu_business,"ATU LeMoyne Smith School of Business",,50,"03/27/2026 08:22",https://www.instagram.com/stories/atu_business/3862156443697443182,"IG story",,Lifetime,266,192,4,0,0,223,,
18199439515342661,17841402627774708,atu_business,"ATU LeMoyne Smith School of Business",,50,"03/26/2026 18:13",https://www.instagram.com/stories/atu_business/3861729360411899298,"IG story",,Lifetime,290,198,3,0,0,265,,
18011721998688611,17841402627774708,atu_business,"ATU LeMoyne Smith School of Business",,10,"03/26/2026 15:51",https://www.instagram.com/stories/atu_business/3861657901585297763,"IG story",,Lifetime,285,197,4,0,0,269,,
18073244747207140,17841402627774708,atu_business,"ATU LeMoyne Smith School of Business","Thank you @arcbest_official  for your support!!!",10,"03/26/2026 15:03",https://www.instagram.com/stories/atu_business/3861633726548168581,"IG story",,Lifetime,295,205,6,1,0,264,29,
18177595876390788,17841402627774708,atu_business,"ATU LeMoyne Smith School of Business",,40,"03/26/2026 14:42",https://www.instagram.com/stories/atu_business/3861628210409296095,"IG story",,Lifetime,275,208,4,0,0,243,,
18103981901500679,17841402627774708,atu_business,"ATU LeMoyne Smith School of Business",,52,"03/26/2026 14:23",https://www.instagram.com/stories/atu_business/3861613422543284878,"IG story",,Lifetime,298,212,6,0,0,261,,
18127113385567360,17841402627774708,atu_business,"ATU LeMoyne Smith School of Business",,57,"03/26/2026 12:21",https://www.instagram.com/stories/atu_business/3861552287366383968,"IG story",,Lifetime,354,236,8,1,0,305,,
17965287459028614,17841402627774708,atu_business,"ATU LeMoyne Smith School of Business",,54,"03/26/2026 07:33",https://www.instagram.com/stories/atu_business/3861439251225939701,"IG story",,Lifetime,304,215,5,1,0,248,,1
17851896141647386,17841402627774708,atu_business,"ATU LeMoyne Smith School of Business","Exploring NYC Day 4 -9/11 museum and memorial 
-Oculus
-Museum of ice cream
-Crispy cream donuts
-Ice skating at Rockafeller",38,"03/25/2026 21:02",https://www.instagram.com/stories/atu_business/3861089525762423747,"IG story",,Lifetime,293,212,5,0,0,239,,
17908933632368980,17841402627774708,atu_business,"ATU LeMoyne Smith School of Business","Experiencing NYC Day 4 -Breakfast Bagels
-Trinity Church (with Alexander Hamilton)
-NYC Stock Exchange
-Federal Hall",16,"03/25/2026 20:56",https://www.instagram.com/stories/atu_business/3861086238988361649,"IG story",,Lifetime,300,230,5,0,1,236,,1
18126987124569852,17841402627774708,atu_business,"ATU LeMoyne Smith School of Business",,42,"03/24/2026 20:02",https://www.instagram.com/stories/atu_business/3860334553198293069,"IG story",,Lifetime,296,228,6,2,0,251,,3
17850557109661014,17841402627774708,atu_business,"ATU LeMoyne Smith School of Business","Exploring NYC Day 3 -Wax Museum
-Joes Pizza
-Sweet Treats 😋",19,"03/24/2026 19:59",https://www.instagram.com/stories/atu_business/3860333141538158672,"IG story",,Lifetime,288,233,3,0,0,234,,1
18004774187889808,17841402627774708,atu_business,"ATU LeMoyne Smith School of Business","Exploring NYC Day 3 -Little Italy and China Town
-Search for chickens
-Brooklyn Bridge",11,"03/24/2026 15:20",https://www.instagram.com/stories/atu_business/3860192644350277140,"IG story",,Lifetime,302,230,2,0,0,240,,
18225723124309709,17841402627774708,atu_business,"ATU LeMoyne Smith School of Business","Exploring NYC Day 3 -Madison Square Gardens
-Little Italy 🍝",17,"03/24/2026 11:55",https://www.instagram.com/stories/atu_business/3860089619115814315,"IG story",,Lifetime,272,210,2,1,0,216,,1
18347967991234918,17841402627774708,atu_business,"ATU LeMoyne Smith School of Business","Exploring NYC Day 3 -Intrepid museum
-Shopping side quest",21,"03/24/2026 09:31",https://www.instagram.com/stories/atu_business/3860016749987641021,"IG story",,Lifetime,259,208,6,0,0,209,,1
18100434826942673,17841402627774708,atu_business,"ATU LeMoyne Smith School of Business","Cruising into the night",30,"03/23/2026 21:23",https://www.instagram.com/stories/atu_business/3859650631523177949,"IG story",,Lifetime,277,222,6,0,0,232,,1
18103448098914011,17841402627774708,atu_business,"ATU LeMoyne Smith School of Business","-Empire State Building
-Ghiradelli chocolate
-Sneek peek 😈
 Exploring NYC Day 2",14,"03/23/2026 15:55",https://www.instagram.com/stories/atu_business/3859485548986159975,"IG story",,Lifetime,287,235,3,0,0,222,,
18128269186563105,17841402627774708,atu_business,"ATU LeMoyne Smith School of Business","Exploring NYC Day 2
 -First ride on the Subway!
-Museum of Natural History
-A walk through Central Park",18,"03/23/2026 15:47",https://www.instagram.com/stories/atu_business/3859481175300131696,"IG story",,Lifetime,304,241,4,0,0,249,,
17950259280109071,17841402627774708,atu_business,"ATU LeMoyne Smith School of Business","Exploring NYC Day 2 Grand Central Station",22,"03/23/2026 08:38",https://www.instagram.com/stories/atu_business/3859265346994349681,"IG story",,Lifetime,324,251,7,0,0,270,,2
18077891048421848,17841402627774708,atu_business,"ATU LeMoyne Smith School of Business","Exploring pt 2
-Eat at Juniors
-Get rained on
-See M&M and Hersheys store
-Carlo’s Bake Shop
-Jaming at Raising Canes",32,"03/22/2026 20:29",https://www.instagram.com/stories/atu_business/3858898671459163071,"IG story",,Lifetime,335,260,1,0,0,282,,
17986024301955699,17841402627774708,atu_business,"ATU LeMoyne Smith School of Business","Exploring!
-St Patrick’s Cathedral
-Rockefeller Center",37,"03/22/2026 18:13",https://www.instagram.com/stories/atu_business/3858830107121303635,"IG story",,Lifetime,357,264,4,0,0,303,,
17876968053542362,17841402627774708,atu_business,"ATU LeMoyne Smith School of Business","Settling in",17,"03/22/2026 18:06",https://www.instagram.com/stories/atu_business/3858826495993323763,"IG story",,Lifetime,453,323,3,1,0,293,,
18061706363373791,17841402627774708,atu_business,"ATU LeMoyne Smith School of Business","Dinner time 🍽️",0,"03/22/2026 15:21",https://www.instagram.com/stories/atu_business/3858743474670181810,"IG story",,Lifetime,391,286,3,0,0,331,,2
17952678066092728,17841402627774708,atu_business,"ATU LeMoyne Smith School of Business","Lunch time in NYC!!!",0,"03/22/2026 09:05",https://www.instagram.com/stories/atu_business/3858554054818011186,"IG story",,Lifetime,436,308,5,0,0,359,,1
18117449860570046,17841402627774708,atu_business,"ATU LeMoyne Smith School of Business",,0,"03/22/2026 07:48",https://www.instagram.com/stories/atu_business/3858515400473054558,"IG story",,Lifetime,453,308,2,0,0,372,,1
18122220541613213,17841402627774708,atu_business,"ATU LeMoyne Smith School of Business",,0,"03/22/2026 05:27",https://www.instagram.com/stories/atu_business/3858444549660780913,"IG story",,Lifetime,669,418,5,3,0,377,2,2
18092106560177185,17841402627774708,atu_business,"ATU LeMoyne Smith School of Business","@bowltimebowls  You already know 🤩 @zaylawaretennis",0,"03/20/2026 09:25",https://www.instagram.com/stories/atu_business/3857114555080685464,"IG story",,Lifetime,704,478,3,2,0,266,40,1
17892370581431083,17841402627774708,atu_business,"ATU LeMoyne Smith School of Business",,0,"03/18/2026 15:57",https://www.instagram.com/stories/atu_business/3855862566485136200,"IG story",,Lifetime,306,238,0,0,0,221,2,
18118765609559431,17841402627774708,atu_business,"ATU LeMoyne Smith School of Business",,0,"03/18/2026 15:57",https://www.instagram.com/stories/atu_business/3855862300373314002,"IG story",,Lifetime,295,246,1,0,0,246,2,
18403569934177059,17841402627774708,atu_business,"ATU LeMoyne Smith School of Business","It’s a great day at ATU!",0,"03/18/2026 12:06",https://www.instagram.com/stories/atu_business/3855746157134398296,"IG story",,Lifetime,297,242,1,0,0,281,,1
18573491455024792,17841402627774708,atu_business,"ATU LeMoyne Smith School of Business",,0,"03/18/2026 09:22",https://www.instagram.com/stories/atu_business/3855663521049246372,"IG story",,Lifetime,310,248,4,0,0,291,2,1
18087833945264746,17841402627774708,atu_business,"ATU LeMoyne Smith School of Business",,0,"03/18/2026 09:08",https://www.instagram.com/stories/atu_business/3855656611629687189,"IG story",,Lifetime,335,255,2,0,0,325,,
17888987436331608,17841402627774708,atu_business,"ATU LeMoyne Smith School of Business",,0,"03/18/2026 08:00",https://www.instagram.com/stories/atu_business/3855622285219239484,"IG story",,Lifetime,363,265,2,0,0,332,,
17906694915204367,17841402627774708,atu_business,"ATU LeMoyne Smith School of Business",,20,"03/18/2026 07:45",https://www.instagram.com/stories/atu_business/3855615010979083525,"IG story",,Lifetime,353,268,2,0,0,350,,
18155082112446653,17841402627774708,atu_business,"ATU LeMoyne Smith School of Business","Reception at the Doc Bryan Rotunda!

Going on now",0,"03/18/2026 07:38",https://www.instagram.com/stories/atu_business/3855611469015202855,"IG story",,Lifetime,359,269,4,1,0,331,,
18085377680001104,17841402627774708,atu_business,"ATU LeMoyne Smith School of Business",,0,"03/18/2026 07:25",https://www.instagram.com/stories/atu_business/3855604993974530860,"IG story",,Lifetime,375,281,3,0,0,355,,
18335776501300639,17841402627774708,atu_business,"ATU LeMoyne Smith School of Business",,0,"03/18/2026 07:25",https://www.instagram.com/stories/atu_business/3855604963976843705,"IG story",,Lifetime,374,299,4,0,0,335,,
18083515115358709,17841402627774708,atu_business,"ATU LeMoyne Smith School of Business","See you there! Tomorrow!",20,"03/17/2026 08:32",https://www.instagram.com/stories/atu_business/3854913681818318689,"IG story",,Lifetime,298,229,3,1,0,282,,
18100596038309266,17841402627774708,atu_business,"ATU LeMoyne Smith School of Business",,5,"03/16/2026 11:12",https://www.instagram.com/stories/atu_business/3854269442109345065,"IG story",,Lifetime,337,220,3,0,0,239,,
18130507672534309,17841402627774708,atu_business,"ATU LeMoyne Smith School of Business","@atu_shima 
Bake Sale in Rothwell
Lobby!

Until sold out.

Cashapp accepted!",0,"03/16/2026 09:51",https://www.instagram.com/stories/atu_business/3854228972972952088,"IG story",,Lifetime,350,238,1,1,0,272,61,
18071418713211934,17841402627774708,atu_business,"ATU LeMoyne Smith School of Business","Next Safe Zone Training:
Tuesday, April 7th
2-4 PM
Brown 435 @spectrum_atu",0,"03/16/2026 09:37",https://www.instagram.com/stories/atu_business/3854221917977463598,"IG story",,Lifetime,298,250,1,0,0,261,7,
17913240003342630,17841402627774708,atu_business,"ATU LeMoyne Smith School of Business","FFA students taking a well deserved break 🏆🙂‍↕️",4,"03/12/2026 11:22",https://www.instagram.com/stories/atu_business/3851375196599644319,"IG story",,Lifetime,291,233,2,0,0,227,,
18106835179875963,17841402627774708,atu_business,"ATU LeMoyne Smith School of Business","Thank you for the yummy food @farmcreditwear @waynesandersonfarms",0,"03/12/2026 11:20",https://www.instagram.com/stories/atu_business/3851374361153044468,"IG story",,Lifetime,287,244,4,0,1,252,,
18069159203256546,17841402627774708,atu_business,"ATU LeMoyne Smith School of Business",,0,"03/12/2026 08:48",https://www.instagram.com/stories/atu_business/3851298131028355301,"IG story",,Lifetime,266,213,3,0,0,222,2,
17869604982571135,17841402627774708,atu_business,"ATU LeMoyne Smith School of Business","FFA Ready!! @atugradcollege @atuedandhealth @atustemcollege @arkansastechglobal",0,"03/12/2026 08:48",https://www.instagram.com/stories/atu_business/3851297889268693424,"IG story",,Lifetime,741,522,3,3,0,227,9,1
18035006702583506,17841402627774708,atu_business,"ATU LeMoyne Smith School of Business","Career connections are quite literally one of the best ways to connect & get hired Fastenal brought in their recruiter for Arkansas!",0,"03/11/2026 10:26",https://www.instagram.com/stories/atu_business/3850622478599738794,"IG story",,Lifetime,298,216,3,0,0,251,,
18061205294367537,17841402627774708,atu_business,"ATU LeMoyne Smith School of Business","📍rth 138 in 15 mins",0,"03/11/2026 09:43",https://www.instagram.com/stories/atu_business/3850601027830182149,"IG story",,Lifetime,296,219,1,0,0,277,,
17999170454877942,17841402627774708,atu_business,"ATU LeMoyne Smith School of Business","Don’t forget to stop by after class! Today at noon!",0,"03/11/2026 09:19",https://www.instagram.com/stories/atu_business/3850588538702820420,"IG story",,Lifetime,278,225,1,0,0,245,,
18060934151370182,17841402627774708,atu_business,"ATU LeMoyne Smith School of Business","📍business lounge Graduation signatures are up on the wall 🥺",0,"03/05/2026 08:01",https://www.instagram.com/stories/atu_business/3846231120048655703,"IG story",,Lifetime,453,354,4,0,0,381,,1
17859963882553295,17841402627774708,atu_business,"ATU LeMoyne Smith School of Business","Thank you Bell & Company!",0,"03/04/2026 12:17",https://www.instagram.com/stories/atu_business/3845635002906898705,"IG story",,Lifetime,377,275,2,2,0,325,,
18085283288332809,17841402627774708,atu_business,"ATU LeMoyne Smith School of Business","Plus business bucks for every career connection you attend!",0,"03/04/2026 10:06",https://www.instagram.com/stories/atu_business/3845568958481700619,"IG story",,Lifetime,354,257,0,0,0,332,,
17876766834528963,17841402627774708,atu_business,"ATU LeMoyne Smith School of Business","Chick-Fil-A for lunch Rothwell 138",0,"03/04/2026 09:58",https://www.instagram.com/stories/atu_business/3845565141103030466,"IG story",,Lifetime,399,262,0,0,0,365,,2
18096738970985594,17841402627774708,atu_business,"ATU LeMoyne Smith School of Business","Today ‼️‼️",0,"03/04/2026 07:43",https://www.instagram.com/stories/atu_business/3845496986732977736,"IG story",,Lifetime,331,251,1,1,0,292,,
18157316638427984,17841402627774708,atu_business,"ATU LeMoyne Smith School of Business","Here until noon!",0,"03/03/2026 09:04",https://www.instagram.com/stories/atu_business/3844812997739581919,"IG story",,Lifetime,262,218,3,0,0,240,,1
17943130332127657,17841402627774708,atu_business,"ATU LeMoyne Smith School of Business","Checkout the resources on campus to help you succeed!",5,"03/03/2026 09:02",https://www.instagram.com/stories/atu_business/3844812403683495184,"IG story",,Lifetime,261,221,2,0,0,197,,
18042984998729707,17841402627774708,atu_business,"ATU LeMoyne Smith School of Business","Up Next: Resource Fair Only other room not in Rothwell! Upstairs Doc Bryan in room 242",0,"03/03/2026 08:48",https://www.instagram.com/stories/atu_business/3844805094445715378,"IG story",,Lifetime,281,222,3,0,0,265,,
18122433073595633,17841402627774708,atu_business,"ATU LeMoyne Smith School of Business","Every session has a check-in station with Business Bucks!! 💸",0,"03/03/2026 07:59",https://www.instagram.com/stories/atu_business/3844780383863487306,"IG story",,Lifetime,278,218,3,1,0,252,,
17981483507963392,17841402627774708,atu_business,"ATU LeMoyne Smith School of Business","All of these session will be starting again at 10am! They will be staying in the same room! Choose wisely 😉",0,"03/03/2026 07:52",https://www.instagram.com/stories/atu_business/3844776751680072864,"IG story",,Lifetime,263,221,3,0,0,232,,
17985901802957681,17841402627774708,atu_business,"ATU LeMoyne Smith School of Business","Best practices for creating, posting, and connecting with your LinkedIn Profile Room 307",0,"03/03/2026 07:37",https://www.instagram.com/stories/atu_business/3844769479679363841,"IG story",,Lifetime,264,221,3,0,0,254,,
17847090675669515,17841402627774708,atu_business,"ATU LeMoyne Smith School of Business","Communicating with impact Room 212",0,"03/03/2026 07:31",https://www.instagram.com/stories/atu_business/3844766471381923682,"IG story",,Lifetime,277,225,3,0,0,263,,
18084409049238710,17841402627774708,atu_business,"ATU LeMoyne Smith School of Business","AI is the new super glue Room 138",7,"03/03/2026 07:27",https://www.instagram.com/stories/atu_business/3844764412112914185,"IG story",,Lifetime,281,229,3,0,0,239,,1
18036768770568558,17841402627774708,atu_business,"ATU LeMoyne Smith School of Business","Hired! What it takes to win the interview Room 211",4,"03/03/2026 07:21",https://www.instagram.com/stories/atu_business/3844761391006064731,"IG story",,Lifetime,291,228,3,0,0,212,,
18059493962355945,17841402627774708,atu_business,"ATU LeMoyne Smith School of Business","Attitude Hospitality Action Room 306",6,"03/03/2026 07:14",https://www.instagram.com/stories/atu_business/3844757916411083659,"IG story",,Lifetime,308,229,3,0,0,263,,
17848760817658865,17841402627774708,atu_business,"ATU LeMoyne Smith School of Business","Why most marketing fails with Misty Duffy from Stone Ward Room 321A",0,"03/03/2026 07:10",https://www.instagram.com/stories/atu_business/3844755892475197526,"IG story",,Lifetime,317,230,4,1,0,284,,
17914764456320411,17841402627774708,atu_business,"ATU LeMoyne Smith School of Business","Good morning! Here’s the schedule for today",0,"03/03/2026 07:04",https://www.instagram.com/stories/atu_business/3844753009629377392,"IG story",,Lifetime,306,246,3,0,0,262,,2
18194065450351306,17841402627774708,atu_business,"ATU LeMoyne Smith School of Business",,0,"03/02/2026 17:06",https://www.instagram.com/stories/atu_business/3844330857645760562,"IG story",,Lifetime,327,249,3,0,0,263,,2
18565252066055663,17841402627774708,atu_business,"ATU LeMoyne Smith School of Business","+learn about career opportunities at Keathley Patterson Pizza for lunch @ noon
Rothwell 138",0,"02/25/2026 09:43",https://www.instagram.com/stories/atu_business/3840484049719312802,"IG story",,Lifetime,303,236,3,0,0,276,,1
18298186387302336,17841402627774708,atu_business,"ATU LeMoyne Smith School of Business","Today at noon!",0,"02/25/2026 09:11",https://www.instagram.com/stories/atu_business/3840467984352197807,"IG story",,Lifetime,279,239,3,0,0,247,,
18412968907193588,17841402627774708,atu_business,"ATU LeMoyne Smith School of Business",,0,"02/24/2026 16:01",https://www.instagram.com/stories/atu_business/3839949525268351087,"IG story",,Lifetime,259,202,3,0,0,231,,
18100585631501219,17841402627774708,atu_business,"ATU LeMoyne Smith School of Business",,5,"02/24/2026 14:48",https://www.instagram.com/stories/atu_business/3839912692769744592,"IG story",,Lifetime,281,218,5,0,0,223,,
18093746492473509,17841402627774708,atu_business,"ATU LeMoyne Smith School of Business","focus day friends! be sure to stop by Rothwell lobby for some exclusive merch!",0,"02/20/2026 12:21",https://www.instagram.com/stories/atu_business/3836939970666451607,"IG story",,Lifetime,306,245,0,0,0,261,,
18057006953401727,17841402627774708,atu_business,"ATU LeMoyne Smith School of Business","striking a pose at @go2atu <3",20,"02/20/2026 12:16",https://www.instagram.com/stories/atu_business/3836937147606274731,"IG story",,Lifetime,462,338,0,1,0,274,,
18059227592367979,17841402627774708,atu_business,"ATU LeMoyne Smith School of Business","focus day fun <3",0,"02/20/2026 12:09",https://www.instagram.com/stories/atu_business/3836933752266863929,"IG story",,Lifetime,314,258,2,0,0,260,,
17962089957046184,17841402627774708,atu_business,"ATU LeMoyne Smith School of Business","@atuagriculture_tourism  Agriculture Education preview",0,"02/20/2026 10:08",https://www.instagram.com/stories/atu_business/3836872621594687362,"IG story",,Lifetime,308,237,1,0,0,269,,
18351922264239589,17841402627774708,atu_business,"ATU LeMoyne Smith School of Business","Can’t forget about Management",4,"02/20/2026 10:02",https://www.instagram.com/stories/atu_business/3836869806864355662,"IG story",,Lifetime,339,239,1,0,0,220,,
18082972397608455,17841402627774708,atu_business,"ATU LeMoyne Smith School of Business","Dr. Narcum sharing viral moments with Social Media Marketing",4,"02/20/2026 09:54",https://www.instagram.com/stories/atu_business/3836865816378403209,"IG story",,Lifetime,333,238,0,0,0,198,,
18042509045736323,17841402627774708,atu_business,"ATU LeMoyne Smith School of Business","Accounting 🤝 Monopoly",7,"02/20/2026 09:42",https://www.instagram.com/stories/atu_business/3836859838748581413,"IG story",,Lifetime,320,246,1,0,0,220,,1
17942990547117926,17841402627774708,atu_business,"ATU LeMoyne Smith School of Business","Animal Science session🐄🔬 @atuagriculture_tourism",0,"02/20/2026 09:36",https://www.instagram.com/stories/atu_business/3836856954250262925,"IG story",,Lifetime,476,330,3,1,0,282,,
17960265225027053,17841402627774708,atu_business,"ATU LeMoyne Smith School of Business","Tourism with Ms. West & Ms. Capen-Housley",6,"02/20/2026 09:33",https://www.instagram.com/stories/atu_business/3836855177064921933,"IG story",,Lifetime,319,253,1,1,0,246,,
18082344536602190,17841402627774708,atu_business,"ATU LeMoyne Smith School of Business","They just gave away a $1,000 scholarship 😱",5,"02/20/2026 09:07",https://www.instagram.com/stories/atu_business/3836842399839161746,"IG story",,Lifetime,333,259,4,0,0,257,,
18092149556103110,17841402627774708,atu_business,"ATU LeMoyne Smith School of Business","School of Business mentioned 🗣️ Dean Cole in the houseee",7,"02/20/2026 09:01",https://www.instagram.com/stories/atu_business/3836839082815811528,"IG story",,Lifetime,334,262,4,0,0,250,,
18161160739417585,17841402627774708,atu_business,"ATU LeMoyne Smith School of Business","It’s Focus Day today!! @go2atu @arkansastech",20,"02/20/2026 08:56",https://www.instagram.com/stories/atu_business/3836836598865069983,"IG story",,Lifetime,1743,1236,6,2,0,287,8,
17983255709952472,17841402627774708,atu_business,"ATU LeMoyne Smith School of Business",12pm,0,"02/18/2026 11:05",https://www.instagram.com/stories/atu_business/3835452108422930950,"IG story",,Lifetime,348,254,3,2,0,328,,
18104726188876571,17841402627774708,atu_business,"ATU LeMoyne Smith School of Business","Tyson speakers gave such good advice 🧠 Stay tuned for career connection next Wednesday",0,"02/18/2026 11:02",https://www.instagram.com/stories/atu_business/3835450332789502634,"IG story",,Lifetime,361,269,3,0,0,321,,
18117499651721776,17841402627774708,atu_business,"ATU LeMoyne Smith School of Business","Tyson brought Chick-fil-a!!",0,"02/18/2026 09:52",https://www.instagram.com/stories/atu_business/3835415286091252129,"IG story",,Lifetime,374,258,4,0,0,345,,
17845507725690598,17841402627774708,atu_business,"ATU LeMoyne Smith School of Business","First career connection of the semester!",0,"02/18/2026 09:34",https://www.instagram.com/stories/atu_business/3835406208744982380,"IG story",,Lifetime,343,263,4,1,0,312,,
17931844668192255,17841402627774708,atu_business,"ATU LeMoyne Smith School of Business",,15,"02/14/2026 13:46",https://www.instagram.com/stories/atu_business/3832634188181412290,"IG story",,Lifetime,177,152,2,0,0,160,,
18179105305373248,17841402627774708,atu_business,"ATU LeMoyne Smith School of Business",,15,"02/14/2026 09:31",https://www.instagram.com/stories/atu_business/3832505649591413180,"IG story",,Lifetime,206,171,2,0,0,196,,
18095829325941115,17841402627774708,atu_business,"ATU LeMoyne Smith School of Business","Thank you for sponsoring 
@arcbest_official",12,"02/13/2026 16:42",https://www.instagram.com/stories/atu_business/3831997847898473873,"IG story",,Lifetime,406,268,3,0,0,377,13,1
18040471391741053,17841402627774708,atu_business,"ATU LeMoyne Smith School of Business","UCA students at our
cow-sino night???
Oh we’re famous famous.",0,"02/13/2026 12:39",https://www.instagram.com/stories/atu_business/3831875430132108534,"IG story",,Lifetime,461,293,4,2,0,382,,2
17951577612078567,17841402627774708,atu_business,"ATU LeMoyne Smith School of Business","Picture yourself in these shirts 📸 How to win:

1. Search Rothwell for the pink envelopes.
2. Bring your voucher to Rothwell 419.
3. Pick your limited edition tee.

While supplies last!",5,"02/13/2026 09:39",https://www.instagram.com/stories/atu_business/3831784989042850082,"IG story",,Lifetime,2610,1480,6,4,0,348,,1
17924564658234513,17841402627774708,atu_business,"ATU LeMoyne Smith School of Business",,0,"02/13/2026 05:31",https://www.instagram.com/stories/atu_business/3831659904772487505,"IG story",,Lifetime,364,269,3,0,0,291,2,
18075270848381406,17841402627774708,atu_business,"ATU LeMoyne Smith School of Business","& Mark with 19k business bucks 💸💸",0,"02/12/2026 17:49",https://www.instagram.com/stories/atu_business/3831306915167401180,"IG story",,Lifetime,370,268,2,0,0,334,,
17844562335690205,17841402627774708,atu_business,"ATU LeMoyne Smith School of Business","Harrison walked out with $15,000 💸",0,"02/12/2026 17:49",https://www.instagram.com/stories/atu_business/3831306530071558958,"IG story",,Lifetime,379,270,4,0,0,342,,
18447908221111296,17841402627774708,atu_business,"ATU LeMoyne Smith School of Business","Harrison’s current balance: $10,000",0,"02/12/2026 16:59",https://www.instagram.com/stories/atu_business/3831281566731764941,"IG story",,Lifetime,631,440,2,2,0,333,,
18109640623684347,17841402627774708,atu_business,"ATU LeMoyne Smith School of Business",,0,"02/12/2026 16:27",https://www.instagram.com/stories/atu_business/3831265565470359712,"IG story",,Lifetime,369,267,2,0,0,310,2,
18425095261112950,17841402627774708,atu_business,"ATU LeMoyne Smith School of Business",,0,"12/08/2025 14:59",https://www.instagram.com/stories/atu_business/3783385942393199437,"IG story",,Lifetime,356,263,1,0,0,299,,
18052869806366921,17841402627774708,atu_business,"ATU LeMoyne Smith School of Business","Grab a little buddy before your final",0,"12/09/2025 08:34",https://www.instagram.com/stories/atu_business/3783916842764293959,"IG story",,Lifetime,461,347,6,2,0,383,,1
17953498503021076,17841402627774708,atu_business,"ATU LeMoyne Smith School of Business",,15,"12/09/2025 11:17",https://www.instagram.com/stories/atu_business/3783999148019313151,"IG story",,Lifetime,376,288,2,0,0,343,,1
18082283015142757,17841402627774708,atu_business,"ATU LeMoyne Smith School of Business","Happy last day of finals!",0,"12/12/2025 10:05",https://www.instagram.com/stories/atu_business/3786136977981918138,"IG story",,Lifetime,329,260,0,0,0,280,,1
18063030683535088,17841402627774708,atu_business,"ATU LeMoyne Smith School of Business","Let’s do a little recap  Involvement fair First day of class",0,"12/12/2025 11:04",https://www.instagram.com/stories/atu_business/3786166989242053770,"IG story",,Lifetime,336,245,0,0,0,290,,
17964815978851758,17841402627774708,atu_business,"ATU LeMoyne Smith School of Business",,0,"12/12/2025 11:26",https://www.instagram.com/stories/atu_business/3786177917484376221,"IG story",,Lifetime,301,239,1,0,0,279,,
17899507071343306,17841402627774708,atu_business,"ATU LeMoyne Smith School of Business","New T-shirt design Cash cow’s first appearance  TOFT Homecoming",0,"12/12/2025 11:41",https://www.instagram.com/stories/atu_business/3786185466803763067,"IG story",,Lifetime,273,223,1,0,0,252,,
17862661287542036,17841402627774708,atu_business,"ATU LeMoyne Smith School of Business",,0,"12/12/2025 11:52",https://www.instagram.com/stories/atu_business/3786190822032387583,"IG story",,Lifetime,284,221,1,0,0,259,,
18553803598035661,17841402627774708,atu_business,"ATU LeMoyne Smith School of Business",,5,"12/12/2025 19:32",https://www.instagram.com/stories/atu_business/3786422663124883200,"IG story",,Lifetime,295,213,3,0,0,208,,2
18099515377641319,17841402627774708,atu_business,"ATU LeMoyne Smith School of Business","Congrats, Grads!",0,"12/13/2025 06:41",https://www.instagram.com/stories/atu_business/3786758981193406134,"IG story",,Lifetime,314,244,6,0,0,294,,1
18105307906662039,17841402627774708,atu_business,"ATU LeMoyne Smith School of Business",,5,"12/13/2025 10:12",https://www.instagram.com/stories/atu_business/3786865490502247382,"IG story",,Lifetime,311,229,3,0,0,239,,2
18295779994276034,17841402627774708,atu_business,"ATU LeMoyne Smith School of Business",,0,"12/13/2025 13:34",https://www.instagram.com/stories/atu_business/3786967058157529711,"IG story",,Lifetime,290,235,2,0,0,268,4,1
17909262459267095,17841402627774708,atu_business,"ATU LeMoyne Smith School of Business",,15,"12/13/2025 13:35",https://www.instagram.com/stories/atu_business/3786967558084757168,"IG story",,Lifetime,284,223,1,0,0,265,,
18063085634558821,17841402627774708,atu_business,"ATU LeMoyne Smith School of Business",,0,"12/13/2025 18:13",https://www.instagram.com/stories/atu_business/3787107673859479681,"IG story",,Lifetime,267,218,1,0,0,240,,
18551466040060082,17841402627774708,atu_business,"ATU LeMoyne Smith School of Business","thank you for an amazing 2025 <3",15,"01/02/2026 16:04",https://www.instagram.com/stories/atu_business/3801537953164779930,"IG story",,Lifetime,229,185,6,1,0,194,,2
18078052295255084,17841402627774708,atu_business,"ATU LeMoyne Smith School of Business",,20,"01/09/2026 10:32",https://www.instagram.com/stories/atu_business/3806444528744987577,"IG story",,Lifetime,233,171,2,0,0,188,,1
18117720220513444,17841402627774708,atu_business,"ATU LeMoyne Smith School of Business","welcome back to school",0,"01/12/2026 11:24",https://www.instagram.com/stories/atu_business/3808644678615947901,"IG story",,Lifetime,485,355,3,0,0,416,,3
17929142418188169,17841402627774708,atu_business,"ATU LeMoyne Smith School of Business",,0,"01/12/2026 17:14",https://www.instagram.com/stories/atu_business/3808821290690442883,"IG story",,Lifetime,375,262,7,0,0,317,,
18108594313584366,17841402627774708,atu_business,"ATU LeMoyne Smith School of Business",,0,"01/14/2026 14:25",https://www.instagram.com/stories/atu_business/3810185317451124296,"IG story",,Lifetime,278,217,2,0,0,235,,
17985455099953489,17841402627774708,atu_business,"ATU LeMoyne Smith School of Business",,5,"01/15/2026 13:26",https://www.instagram.com/stories/atu_business/3810880659880317252,"IG story",,Lifetime,295,214,4,0,0,193,,1
17905498998340921,17841402627774708,atu_business,"ATU LeMoyne Smith School of Business",,0,"01/18/2026 13:53",https://www.instagram.com/stories/atu_business/3813068350537691904,"IG story",,Lifetime,245,194,3,0,0,204,,
18072099143111830,17841402627774708,atu_business,"ATU LeMoyne Smith School of Business",@travis.martin47,16,"01/23/2026 06:35",https://www.instagram.com/stories/atu_business/3816471932594946609,"IG story",,Lifetime,1288,838,4,3,0,346,31,
18356513260202298,17841402627774708,atu_business,"ATU LeMoyne Smith School of Business",,20,"01/23/2026 06:56",https://www.instagram.com/stories/atu_business/3816482654049721553,"IG story",,Lifetime,454,317,6,1,0,405,,
17950466583079296,17841402627774708,atu_business,"ATU LeMoyne Smith School of Business",,16,"01/23/2026 08:41",https://www.instagram.com/stories/atu_business/3816535229432203315,"IG story",,Lifetime,475,355,3,0,0,401,,
18091943188972748,17841402627774708,atu_business,"ATU LeMoyne Smith School of Business","Ball up top",20,"01/23/2026 11:02",https://www.instagram.com/stories/atu_business/3816606190655427065,"IG story",,Lifetime,578,429,2,1,0,368,,1
18050987768475414,17841402627774708,atu_business,"ATU LeMoyne Smith School of Business",,23,"01/24/2026 08:22",https://www.instagram.com/stories/atu_business/3817250819578948616,"IG story",,Lifetime,422,326,2,0,0,348,,1
17977461632972074,17841402627774708,atu_business,"ATU LeMoyne Smith School of Business",,20,"01/24/2026 09:56",https://www.instagram.com/stories/atu_business/3817297835579310197,"IG story",,Lifetime,389,296,1,0,0,356,,
18114810988719099,17841402627774708,atu_business,"ATU LeMoyne Smith School of Business","@cbum @leanbeefpatty",28,"01/24/2026 10:09",https://www.instagram.com/stories/atu_business/3817304460138573881,"IG story",,Lifetime,403,287,1,0,0,340,31,1
18067984172440415,17841402627774708,atu_business,"ATU LeMoyne Smith School of Business",,15,"01/24/2026 11:38",https://www.instagram.com/stories/atu_business/3817349012656381223,"IG story",,Lifetime,376,283,0,0,0,329,,
17907723669164276,17841402627774708,atu_business,"ATU LeMoyne Smith School of Business","Fancy business stuff postponed 🥶  @travis.martin47",21,"01/24/2026 16:01",https://www.instagram.com/stories/atu_business/3817481634786945838,"IG story",,Lifetime,577,415,0,1,0,316,20,3
17867351433550451,17841402627774708,atu_business,"ATU LeMoyne Smith School of Business","👀 Dave and Buster’s haul",20,"01/24/2026 16:04",https://www.instagram.com/stories/atu_business/3817483202097688464,"IG story",,Lifetime,363,273,0,0,0,335,,
18326078362168638,17841402627774708,atu_business,"ATU LeMoyne Smith School of Business",,23,"01/25/2026 08:37",https://www.instagram.com/stories/atu_business/3817982888122687420,"IG story",,Lifetime,363,292,0,0,0,303,,
18096821791734121,17841402627774708,atu_business,"ATU LeMoyne Smith School of Business",,0,"01/25/2026 09:05",https://www.instagram.com/stories/atu_business/3817996862805387080,"IG story",,Lifetime,363,265,1,0,0,349,,
18334038982243841,17841402627774708,atu_business,"ATU LeMoyne Smith School of Business",,12,"01/25/2026 12:33",https://www.instagram.com/stories/atu_business/3818101803947584260,"IG story",,Lifetime,400,299,5,0,0,297,,1
18094763998943096,17841402627774708,atu_business,"ATU LeMoyne Smith School of Business",,21,"01/26/2026 07:34",https://www.instagram.com/stories/atu_business/3818675891304813153,"IG story",,Lifetime,440,346,4,0,0,352,,2
18125754535536152,17841402627774708,atu_business,"ATU LeMoyne Smith School of Business",,0,"01/26/2026 10:04",https://www.instagram.com/stories/atu_business/3818751378660151023,"IG story",,Lifetime,446,340,2,0,0,395,,
17990098154928772,17841402627774708,atu_business,"ATU LeMoyne Smith School of Business","New flight but we’re gonna be here awhile  Shout out to our uber driver for showing us this banger and the music videos",20,"01/26/2026 10:05",https://www.instagram.com/stories/atu_business/3818752211288215073,"IG story",,Lifetime,450,337,3,0,0,415,,1
18303406819282539,17841402627774708,atu_business,"ATU LeMoyne Smith School of Business",,0,"01/26/2026 10:53",https://www.instagram.com/stories/atu_business/3818775913082053125,"IG story",,Lifetime,406,316,2,0,0,383,,
18092216167811633,17841402627774708,atu_business,"ATU LeMoyne Smith School of Business","Flight got delayed again btw",20,"01/26/2026 18:10",https://www.instagram.com/stories/atu_business/3818996029660646402,"IG story",,Lifetime,628,417,4,1,0,363,,
17902757322357017,17841402627774708,atu_business,"ATU LeMoyne Smith School of Business",,28,"01/26/2026 20:33",https://www.instagram.com/stories/atu_business/3819068074608097601,"IG story",,Lifetime,377,286,2,0,0,313,,
18177517474329333,17841402627774708,atu_business,"ATU LeMoyne Smith School of Business",,0,"01/26/2026 21:22",https://www.instagram.com/stories/atu_business/3819092521234805163,"IG story",,Lifetime,363,283,3,0,0,329,,
17893494162404409,17841402627774708,atu_business,"ATU LeMoyne Smith School of Business","Stan has been loving the adventures!",0,"01/27/2026 07:18",https://www.instagram.com/stories/atu_business/3819392702866421975,"IG story",,Lifetime,336,261,0,0,0,285,,
18305829118256465,17841402627774708,atu_business,"ATU LeMoyne Smith School of Business",,22,"01/27/2026 08:04",https://www.instagram.com/stories/atu_business/3819415773585252563,"IG story",,Lifetime,340,264,1,0,0,268,,
17849877006629159,17841402627774708,atu_business,"ATU LeMoyne Smith School of Business","Impromptu overnight stay in OKC last night. But the views 👌🏼",0,"01/27/2026 08:05",https://www.instagram.com/stories/atu_business/3819416160182604718,"IG story",,Lifetime,355,264,2,0,0,303,,1
18091816261956069,17841402627774708,atu_business,"ATU LeMoyne Smith School of Business",,11,"01/27/2026 10:53",https://www.instagram.com/stories/atu_business/3819500962541889137,"IG story",,Lifetime,269,215,1,0,0,220,,1
17874091545497978,17841402627774708,atu_business,"ATU LeMoyne Smith School of Business","Landed in Houston",5,"01/27/2026 12:12",https://www.instagram.com/stories/atu_business/3819540871000524842,"IG story",,Lifetime,314,252,1,0,0,286,,1
18074702147102362,17841402627774708,atu_business,"ATU LeMoyne Smith School of Business",,0,"01/27/2026 14:09",https://www.instagram.com/stories/atu_business/3819599493168518306,"IG story",,Lifetime,340,251,4,0,0,302,,
18095411698938469,17841402627774708,atu_business,"ATU LeMoyne Smith School of Business","New flight new me So close to Dallas",0,"01/27/2026 14:26",https://www.instagram.com/stories/atu_business/3819607904811671846,"IG story",,Lifetime,330,254,2,0,0,292,,
18067550660208988,17841402627774708,atu_business,"ATU LeMoyne Smith School of Business",,7,"01/27/2026 16:32",https://www.instagram.com/stories/atu_business/3819671296615945913,"IG story",,Lifetime,361,276,8,3,1,266,,
17860003335595241,17841402627774708,atu_business,"ATU LeMoyne Smith School of Business",,17,"01/28/2026 06:14",https://www.instagram.com/stories/atu_business/3820085040991355741,"IG story",,Lifetime,366,298,2,0,0,318,,
18395605600183848,17841402627774708,atu_business,"ATU LeMoyne Smith School of Business",,13,"01/28/2026 10:09",https://www.instagram.com/stories/atu_business/3820203324055112301,"IG story",,Lifetime,364,280,3,0,0,293,,
17913494553278953,17841402627774708,atu_business,"ATU LeMoyne Smith School of Business","We just took a dance class 😳",0,"01/28/2026 14:03",https://www.instagram.com/stories/atu_business/3820321425270682858,"IG story",,Lifetime,397,290,1,0,0,373,,
17967513548858765,17841402627774708,atu_business,"ATU LeMoyne Smith School of Business","We give the people what they want",17,"01/28/2026 16:09",https://www.instagram.com/stories/atu_business/3820384615605752162,"IG story",,Lifetime,390,288,3,1,0,326,,2
17896870086240965,17841402627774708,atu_business,"ATU LeMoyne Smith School of Business","+ Mark Cuban",0,"01/28/2026 17:50",https://www.instagram.com/stories/atu_business/3820435588638362681,"IG story",,Lifetime,555,401,5,1,0,339,,2
17873538765416402,17841402627774708,atu_business,"ATU LeMoyne Smith School of Business","Game on 😎",0,"01/29/2026 07:52",https://www.instagram.com/stories/atu_business/3820859488145127494,"IG story",,Lifetime,358,270,1,0,0,319,,
18069580556561129,17841402627774708,atu_business,"ATU LeMoyne Smith School of Business",,20,"01/29/2026 09:11",https://www.instagram.com/stories/atu_business/3820899324704996320,"IG story",,Lifetime,465,355,2,1,0,308,,
18125520781540428,17841402627774708,atu_business,"ATU LeMoyne Smith School of Business",,9,"01/29/2026 12:38",https://www.instagram.com/stories/atu_business/3821003167761610592,"IG story",,Lifetime,293,239,1,0,0,246,,1
18107588878734579,17841402627774708,atu_business,"ATU LeMoyne Smith School of Business",,18,"01/29/2026 15:54",https://www.instagram.com/stories/atu_business/3821101976210122080,"IG story",,Lifetime,277,228,1,0,0,222,,4
18086714981164842,17841402627774708,atu_business,"ATU LeMoyne Smith School of Business",,5,"02/02/2026 10:27",https://www.instagram.com/stories/atu_business/3823836669741818337,"IG story",,Lifetime,259,216,2,0,0,202,,3
18058217654654863,17841402627774708,atu_business,"ATU LeMoyne Smith School of Business",,0,"02/02/2026 16:28",https://www.instagram.com/stories/atu_business/3824018144793200854,"IG story",,Lifetime,276,207,3,0,0,211,,1
18092024167825221,17841402627774708,atu_business,"ATU LeMoyne Smith School of Business",,0,"02/04/2026 12:30",https://www.instagram.com/stories/atu_business/3825348154070562412,"IG story",,Lifetime,272,232,8,0,0,238,,2
18150747643443812,17841402627774708,atu_business,"ATU LeMoyne Smith School of Business",,0,"02/04/2026 18:47",https://www.instagram.com/stories/atu_business/3825537463595314880,"IG story",,Lifetime,274,228,0,0,0,246,,
18513677728073367,17841402627774708,atu_business,"ATU LeMoyne Smith School of Business",,0,"02/06/2026 11:38",https://www.instagram.com/stories/atu_business/3826771338066010849,"IG story",,Lifetime,235,190,1,0,0,197,,
18111147718733102,17841402627774708,atu_business,"ATU LeMoyne Smith School of Business","Congrats to
Miss Arkansas Tech University
@kenleighgarner12 👑 @atuphimu",20,"02/07/2026 09:12",https://www.instagram.com/stories/atu_business/3827422446140691767,"IG story",,Lifetime,446,324,6,0,0,367,69,
17957855805059486,17841402627774708,atu_business,"ATU LeMoyne Smith School of Business","Super Bowl 2026 Gatorade color odds

Orange (+225)
Yellow/Green/Lime (+260)
Blue (+260)
Purple (+750)",0,"02/08/2026 15:54",https://www.instagram.com/stories/atu_business/3828349763914039661,"IG story",,Lifetime,481,360,1,0,0,397,,
17956287446918361,17841402627774708,atu_business,"ATU LeMoyne Smith School of Business",,0,"02/08/2026 15:58",https://www.instagram.com/stories/atu_business/3828351499366092773,"IG story",,Lifetime,476,336,0,0,0,458,,
18017390936643181,17841402627774708,atu_business,"ATU LeMoyne Smith School of Business",,0,"02/08/2026 16:01",https://www.instagram.com/stories/atu_business/3828352978562889390,"IG story",,Lifetime,440,323,0,0,0,399,,
18109781554676234,17841402627774708,atu_business,"ATU LeMoyne Smith School of Business","💚 kind messages delivered to faculty and staff 💛 Hearts for Higher Ed",5,"02/09/2026 09:09",https://www.instagram.com/stories/atu_business/3828870736728224511,"IG story",,Lifetime,1895,1390,2,2,0,225,,
18072625193142388,17841402627774708,atu_business,"ATU LeMoyne Smith School of Business",tomorrow!!,0,"02/09/2026 10:26",https://www.instagram.com/stories/atu_business/3828909470840416699,"IG story",,Lifetime,263,201,2,0,0,235,,
18069819713445648,17841402627774708,atu_business,"ATU LeMoyne Smith School of Business","come and go from 1-4PM in RTH 138 ✨ 💌 starting now 💌",20,"02/10/2026 11:04",https://www.instagram.com/stories/atu_business/3829653248354173705,"IG story",,Lifetime,1423,1054,4,2,0,231,,
18094786562475958,17841402627774708,atu_business,"ATU LeMoyne Smith School of Business",,6,"02/10/2026 13:57",https://www.instagram.com/stories/atu_business/3829740231139177942,"IG story",,Lifetime,236,199,4,0,0,219,1,
18074885846374007,17841402627774708,atu_business,"ATU LeMoyne Smith School of Business",,0,"02/10/2026 15:05",https://www.instagram.com/stories/atu_business/3829774711807390533,"IG story",,Lifetime,274,215,1,0,0,229,,
17872410783536757,17841402627774708,atu_business,"ATU LeMoyne Smith School of Business","Accounting Club
Bake Sale

Everything is $1",8,"02/11/2026 07:11",https://www.instagram.com/stories/atu_business/3830260599478184136,"IG story",,Lifetime,431,320,7,0,0,317,,
18115957513533968,17841402627774708,atu_business,"ATU LeMoyne Smith School of Business",,5,"02/11/2026 08:20",https://www.instagram.com/stories/atu_business/3830295629709574429,"IG story",,Lifetime,402,287,6,0,0,300,,
18160978240415176,17841402627774708,atu_business,"ATU LeMoyne Smith School of Business",,5,"02/11/2026 15:19",https://www.instagram.com/stories/atu_business/3830506639045018276,"IG story",,Lifetime,348,278,2,0,0,269,,2
18109907662732535,17841402627774708,atu_business,"ATU LeMoyne Smith School of Business",,0,"02/12/2026 07:38",https://www.instagram.com/stories/atu_business/3830999376215558301,"IG story",,Lifetime,307,256,2,0,0,267,7,
18255809221292000,17841402627774708,atu_business,"ATU LeMoyne Smith School of Business",,0,"02/12/2026 08:36",https://www.instagram.com/stories/atu_business/3831028435989474147,"IG story",,Lifetime,325,253,3,0,0,276,2,1
18106532128700994,17841402627774708,atu_business,"ATU LeMoyne Smith School of Business","💚 Heart to Heart 💛
Coffee Talk",13,"02/12/2026 10:38",https://www.instagram.com/stories/atu_business/3831089733167148189,"IG story",,Lifetime,335,235,5,0,0,297,,2
17994712988746605,17841402627774708,atu_business,"ATU LeMoyne Smith School of Business","cow-sino night soon!! getting ready to see you 🃏",20,"02/12/2026 15:12",https://www.instagram.com/stories/atu_business/3831227643828454460,"IG story",,Lifetime,1706,1180,4,3,0,312,,1
18086014811176031,17841402627774708,atu_business,"ATU LeMoyne Smith School of Business","Cow-sino break room Room 321B Now until 8pm!",0,"02/12/2026 16:13",https://www.instagram.com/stories/atu_business/3831258210355670288,"IG story",,Lifetime,354,270,2,0,0,312,,
18421127854119608,17841402627774708,atu_business,"ATU LeMoyne Smith School of Business",,15,"12/05/2025 10:34",https://www.instagram.com/stories/atu_business/3781078450904891315,"IG story",,Lifetime,189,149,0,0,0,158,,
